classID,participantID,passed
0,4543,
0,4277,
0,3478,0.0
0,5069,1.0
0,7517,1.0
0,6230,0.0
0,8656,0.0
0,1354,
0,1629,1.0
0,4093,0.0
0,5709,
0,2633,1.0
0,6836,1.0
0,8652,0.0
0,7485,1.0
0,8917,1.0
0,9906,
0,2601,1.0
0,1019,1.0
0,2950,0.0
0,3913,1.0
0,1715,1.0
0,7362,
0,8733,1.0
0,55,
0,6224,0.0
0,595,0.0
0,8664,
0,9647,
0,2879,1.0
0,4366,
0,8736,1.0
0,3845,1.0
0,5820,
0,7515,1.0
0,111,
0,3784,0.0
0,1833,1.0
0,3416,0.0
0,2166,
0,8005,1.0
0,6888,
0,3137,
0,2550,
0,8701,0.0
0,9003,
0,1706,1.0
0,2655,1.0
0,8278,
0,5258,1.0
0,9916,0.0
0,8875,0.0
0,1072,0.0
0,4788,0.0
0,5970,1.0
0,8805,
0,1506,1.0
0,3628,1.0
0,5457,0.0
0,7641,0.0
0,2593,0.0
0,9880,0.0
0,3649,
0,4117,0.0
0,4951,1.0
0,8287,1.0
0,7357,1.0
0,1849,0.0
0,7288,
0,4687,0.0
0,1737,1.0
0,204,
0,921,
0,8335,0.0
0,4965,
0,924,0.0
0,6319,1.0
0,6719,0.0
0,9553,1.0
0,7487,1.0
0,897,0.0
0,7934,1.0
0,1777,1.0
0,2600,0.0
0,1153,0.0
0,922,1.0
0,8977,0.0
1,1861,0.0
1,7924,0.0
1,5261,0.0
1,5309,1.0
1,5559,1.0
1,129,0.0
1,7009,0.0
1,139,
1,9993,1.0
1,6995,0.0
1,8081,1.0
1,6064,1.0
1,2789,1.0
1,4338,
1,2997,0.0
1,7001,1.0
1,9782,0.0
1,7757,1.0
1,6009,
1,5247,1.0
1,4044,1.0
1,6049,0.0
1,8232,1.0
1,3431,1.0
1,1274,1.0
1,4705,1.0
1,1349,
1,8911,
1,4104,1.0
1,976,
1,6562,0.0
1,3919,1.0
1,5500,0.0
1,7552,0.0
1,3246,1.0
1,5265,0.0
1,9650,1.0
1,9298,
1,4092,
1,5216,1.0
1,9202,0.0
1,424,1.0
1,1940,0.0
1,3299,
1,2662,0.0
1,5876,1.0
1,2970,1.0
1,7408,1.0
1,4654,0.0
1,2105,0.0
1,7508,
1,5494,0.0
1,2685,0.0
1,9579,0.0
1,5545,0.0
2,5902,1.0
2,174,1.0
2,4641,0.0
2,4565,1.0
2,8019,
2,3802,1.0
2,2085,
2,3187,1.0
2,7404,0.0
2,4873,1.0
2,6163,
2,2650,
2,3800,1.0
2,501,
2,575,0.0
2,7264,0.0
2,7026,0.0
2,9543,
2,1602,0.0
2,694,1.0
2,3691,
2,1746,0.0
2,8915,1.0
2,8267,1.0
2,8663,0.0
2,4911,
2,3288,1.0
2,5133,0.0
2,7987,
2,1899,1.0
2,946,0.0
2,7763,1.0
2,5433,
2,6040,
2,193,1.0
2,5702,1.0
2,3940,1.0
2,285,0.0
2,4091,1.0
2,5522,1.0
2,678,
2,5157,1.0
2,5568,1.0
2,1761,0.0
2,177,
2,3568,0.0
2,8939,
2,2796,0.0
2,6332,1.0
2,1769,
2,9600,0.0
2,1770,1.0
2,6124,
2,9976,
2,689,0.0
2,5238,1.0
2,1822,
2,126,
2,4052,1.0
2,8841,
2,2449,0.0
2,8796,1.0
2,9657,
2,4370,
2,1334,1.0
2,53,0.0
2,223,
2,4424,
2,1056,1.0
2,974,1.0
2,9885,
2,1440,1.0
2,9929,0.0
3,1501,0.0
3,476,0.0
3,8987,1.0
3,1842,1.0
3,6302,1.0
3,8579,
3,5225,0.0
3,1555,
3,3542,
3,9834,1.0
3,2850,
3,2523,
3,4305,
3,1921,
3,738,1.0
3,3214,1.0
3,9132,
3,6106,0.0
3,5169,
3,4984,0.0
3,6800,
3,4400,0.0
3,4273,1.0
3,6097,0.0
3,9860,1.0
3,7197,
3,7046,0.0
3,6087,1.0
3,8698,1.0
3,9740,1.0
3,5032,1.0
3,6216,0.0
3,9167,
3,577,
3,2308,0.0
3,255,0.0
3,7574,1.0
3,9046,
3,3728,
3,9981,0.0
3,8251,0.0
3,1371,1.0
3,1884,
3,2024,0.0
3,5586,0.0
3,2344,0.0
3,7158,1.0
3,9888,1.0
3,9150,1.0
3,301,0.0
3,1293,
3,9729,
3,9719,
3,7165,
3,7562,1.0
3,1516,
3,6135,1.0
3,9557,
3,8217,
3,9908,0.0
3,5546,
3,514,
3,6020,1.0
3,8633,0.0
3,6433,1.0
3,7519,
3,7708,0.0
3,1987,
3,8452,
3,9822,
3,6067,1.0
3,8007,
3,6287,
3,4333,1.0
3,6158,1.0
3,3910,
3,7972,
3,5302,
3,9527,0.0
3,873,0.0
3,627,1.0
3,9986,
3,6787,1.0
3,6010,
4,9877,1.0
4,5427,0.0
4,6427,
4,3371,
4,7765,0.0
4,1133,
4,6715,1.0
4,2434,0.0
4,5149,1.0
4,2886,0.0
4,3448,
4,9683,0.0
4,4853,
4,4038,
4,8560,
4,1126,
4,8835,1.0
4,881,1.0
4,1529,
4,838,0.0
4,3884,
4,3424,0.0
4,1332,0.0
4,7279,1.0
4,7631,1.0
4,8427,
4,8785,
4,5556,0.0
4,6693,1.0
4,8111,1.0
4,2824,0.0
4,677,0.0
4,3418,0.0
4,8964,1.0
4,7122,
4,9373,
4,7760,1.0
4,5165,1.0
4,6587,
4,93,1.0
4,3009,
4,7928,1.0
4,2019,1.0
4,8114,1.0
4,4704,
4,4032,1.0
4,978,
4,7039,0.0
4,7798,
4,5999,
4,4719,0.0
5,1344,
5,9890,1.0
5,4891,
5,1174,0.0
5,2145,
5,1513,
5,8619,1.0
5,5538,
5,8369,1.0
5,9698,1.0
5,3476,0.0
5,2326,
5,2589,0.0
5,8032,0.0
5,6467,1.0
5,6337,1.0
5,546,0.0
5,9214,1.0
5,6559,1.0
5,9754,1.0
5,606,1.0
5,2717,0.0
5,6840,
5,2022,
5,7869,
5,1762,1.0
5,5414,1.0
5,5089,1.0
5,7522,1.0
5,4916,1.0
5,1194,1.0
5,7031,
5,7219,
5,7811,1.0
5,8080,1.0
5,7957,
5,5816,0.0
5,4323,0.0
5,9247,1.0
5,4005,1.0
5,5730,
5,9015,
5,4062,0.0
5,5130,1.0
5,4591,0.0
5,7454,1.0
5,9581,1.0
5,2756,
5,1994,0.0
5,8779,1.0
5,4947,0.0
5,4009,
5,9940,1.0
5,9545,
5,7456,1.0
5,655,1.0
5,8213,
5,8881,
5,6936,1.0
5,1590,1.0
5,421,
6,1311,0.0
6,6055,1.0
6,5985,1.0
6,4196,1.0
6,7008,
6,3426,0.0
6,8522,1.0
6,2961,0.0
6,2384,1.0
6,4903,0.0
6,3797,1.0
6,6275,1.0
6,9559,1.0
6,4721,1.0
6,4300,1.0
6,6519,1.0
6,4577,0.0
6,9040,1.0
6,1731,0.0
6,8768,1.0
6,3938,0.0
6,7287,1.0
6,3660,0.0
6,4725,
6,5224,1.0
6,9397,
6,2078,0.0
6,4732,0.0
6,5207,1.0
6,5534,1.0
6,9286,
6,6999,1.0
6,5871,1.0
6,1396,1.0
6,5405,
6,3132,
6,1337,1.0
6,3067,1.0
6,5051,
6,8140,1.0
6,8995,1.0
6,5961,
6,3437,1.0
6,5535,
6,9510,1.0
6,2681,
6,3056,
6,9925,1.0
6,9230,1.0
6,5240,0.0
6,4414,1.0
6,7421,
6,7160,1.0
6,6606,1.0
6,71,0.0
6,1051,0.0
6,6938,1.0
6,2310,0.0
6,622,
6,9836,
6,8689,
6,2301,1.0
6,5439,0.0
6,6770,0.0
6,3401,0.0
6,6584,0.0
6,3957,0.0
6,1512,
6,6946,1.0
6,7832,
6,8115,1.0
7,3218,
7,6994,1.0
7,1125,0.0
7,6548,1.0
7,5653,
7,5282,1.0
7,5764,
7,6340,
7,7558,0.0
7,1642,0.0
7,7657,
7,2770,1.0
7,1417,1.0
7,2501,
7,1300,
7,318,0.0
7,9418,1.0
7,407,1.0
7,2643,0.0
7,6585,1.0
7,8610,0.0
7,3575,0.0
7,2042,
7,5712,
7,1352,
7,6970,1.0
7,45,
7,2048,
7,2891,
7,42,0.0
7,7296,
7,6365,1.0
7,2103,
7,461,0.0
7,7548,0.0
7,6945,1.0
7,2861,0.0
7,4374,1.0
7,9979,0.0
7,9679,0.0
7,7709,0.0
7,8313,1.0
7,4354,1.0
7,4994,0.0
7,3260,1.0
7,1426,0.0
7,6129,
7,5013,0.0
7,705,
7,5741,0.0
7,2978,0.0
7,6612,1.0
7,8254,1.0
7,1359,0.0
7,7074,
7,4844,0.0
7,2805,1.0
7,8326,
7,9351,1.0
7,6370,1.0
7,1632,1.0
7,1387,0.0
7,7010,0.0
7,6744,1.0
7,7542,
7,913,
8,1407,1.0
8,5875,1.0
8,6369,0.0
8,8282,0.0
8,4609,0.0
8,8082,1.0
8,7118,
8,4336,
8,3041,
8,5606,
8,4795,0.0
8,4576,0.0
8,9053,
8,6550,
8,834,0.0
8,3121,0.0
8,4962,0.0
8,782,0.0
8,143,
8,6008,1.0
8,9406,1.0
8,2858,0.0
8,3102,0.0
8,9207,
8,4896,1.0
8,5972,0.0
8,1889,1.0
8,9006,
8,1665,1.0
8,4718,0.0
8,9596,
8,9455,0.0
8,9331,
8,5073,0.0
8,6397,0.0
8,84,0.0
8,1549,1.0
8,3051,
8,5508,0.0
8,5497,0.0
8,4181,1.0
8,3989,1.0
8,3975,1.0
8,291,
8,9179,0.0
8,991,
8,247,0.0
8,3860,1.0
8,3761,
8,5839,
8,3819,1.0
8,2757,0.0
8,3548,0.0
8,9205,1.0
8,2834,0.0
8,1537,
8,4724,
8,1265,0.0
8,5778,0.0
8,2491,0.0
8,1021,
8,1711,
8,1567,1.0
8,3778,0.0
8,244,1.0
8,6552,
8,1657,1.0
8,9516,0.0
8,9451,1.0
8,3525,
8,9427,
8,5647,0.0
8,7539,1.0
8,8565,1.0
8,3419,1.0
8,960,1.0
8,4174,
8,9546,
8,9001,
8,4436,1.0
8,5248,0.0
8,1252,
8,9097,0.0
8,5513,0.0
8,513,
9,3263,0.0
9,2153,
9,5468,0.0
9,4836,0.0
9,1505,1.0
9,8621,
9,9818,1.0
9,8650,
9,5810,0.0
9,1888,
9,4747,1.0
9,4854,
9,4665,
9,5177,1.0
9,8526,1.0
9,8693,0.0
9,7322,0.0
9,5652,0.0
9,2912,
9,8072,0.0
9,7292,
9,4781,
9,8186,
9,6421,1.0
9,5173,
9,7651,
9,1956,
9,3921,
9,5817,0.0
9,7239,1.0
9,7354,1.0
9,5146,1.0
9,2128,1.0
9,9490,1.0
9,1122,
9,1983,0.0
9,6589,0.0
9,5485,
9,3118,0.0
9,5154,1.0
9,3944,
9,8953,1.0
9,8704,
9,330,1.0
9,6653,1.0
9,6207,
9,8010,1.0
9,2334,1.0
9,9050,1.0
9,9987,0.0
9,7537,
9,8124,
9,4113,1.0
9,7998,1.0
9,5780,
9,1771,0.0
9,4646,1.0
9,1829,
9,2092,
9,3811,0.0
10,8916,1.0
10,9693,
10,37,1.0
10,1990,1.0
10,5451,1.0
10,1259,0.0
10,4297,1.0
10,3995,0.0
10,1772,
10,6628,0.0
10,507,0.0
10,4221,0.0
10,9095,0.0
10,7099,1.0
10,23,1.0
10,2686,
10,9944,1.0
10,5992,1.0
10,493,
10,3357,0.0
10,419,1.0
10,4211,
10,5434,1.0
10,927,0.0
10,2109,
10,2644,1.0
10,2045,1.0
10,7283,
10,6864,
10,565,
10,7927,0.0
10,9489,1.0
10,2785,0.0
10,749,0.0
10,8519,1.0
10,9660,1.0
10,9850,0.0
10,38,
10,8260,0.0
10,2046,
10,7139,
10,7066,1.0
10,7371,1.0
10,9637,
10,2812,1.0
10,6199,
10,5631,
10,8106,
10,2653,1.0
10,6259,
10,8262,
10,4855,1.0
10,9302,1.0
10,6368,0.0
10,2939,0.0
10,6739,0.0
10,4035,
10,747,0.0
10,7374,
10,9518,
10,3617,0.0
10,843,
10,8536,0.0
10,1597,
10,3292,1.0
10,2487,0.0
10,5227,0.0
10,395,
10,2341,1.0
10,4685,1.0
10,1584,1.0
10,7637,0.0
10,6276,
10,1007,1.0
10,888,
10,4600,0.0
10,6642,
11,9798,0.0
11,3842,
11,1175,1.0
11,4332,0.0
11,6891,0.0
11,5136,
11,6307,0.0
11,732,
11,4187,1.0
11,8582,
11,8631,0.0
11,7871,
11,7971,0.0
11,4428,1.0
11,8844,
11,767,
11,9052,0.0
11,321,1.0
11,8773,0.0
11,7113,
11,8415,1.0
11,9012,
11,2797,0.0
11,1191,1.0
11,4410,0.0
11,2782,1.0
11,6796,
12,9922,0.0
12,1902,1.0
12,4887,
12,6053,
12,1681,1.0
12,463,
12,2776,1.0
12,8183,0.0
12,2859,
12,2929,
12,9988,0.0
12,2721,
12,7306,0.0
12,2959,1.0
12,972,0.0
12,7014,
12,6842,0.0
12,857,0.0
12,9699,0.0
12,9321,0.0
12,7654,1.0
12,8998,
12,6980,0.0
12,6695,0.0
12,4640,1.0
12,919,
12,5851,0.0
12,6701,0.0
12,2632,0.0
12,431,
12,5838,
12,9578,
12,8786,1.0
12,6079,1.0
12,1503,1.0
12,3081,0.0
12,6613,
12,7668,0.0
12,9350,0.0
12,7948,0.0
12,5563,
12,681,
12,4603,1.0
12,9941,0.0
12,1508,1.0
12,830,0.0
12,4182,
12,4615,
12,7484,0.0
12,4068,
12,5352,
12,2608,0.0
12,6299,0.0
12,2888,1.0
12,1468,
12,3412,
12,6444,0.0
12,7700,0.0
12,6497,0.0
12,8411,
12,404,
12,6495,1.0
12,8593,
12,168,
12,7455,1.0
12,3571,
12,1394,0.0
12,1238,1.0
12,6684,0.0
12,6502,1.0
12,9757,1.0
12,7278,
12,2988,1.0
12,3189,1.0
12,218,0.0
12,7912,
12,67,
12,3599,
12,1213,1.0
12,8086,1.0
12,3293,0.0
12,6929,0.0
12,1395,
12,877,1.0
12,1058,0.0
12,7699,1.0
13,8431,
13,7491,0.0
13,4713,0.0
13,7277,1.0
13,3190,1.0
13,2091,1.0
13,2040,1.0
13,2457,0.0
13,2442,1.0
13,557,
13,856,0.0
13,5836,0.0
13,6311,
13,3278,0.0
13,2642,0.0
13,8708,0.0
13,1826,1.0
13,9826,1.0
13,720,0.0
13,7373,0.0
13,2421,1.0
13,1824,
13,4061,0.0
13,4250,
13,2206,
13,9075,0.0
13,4438,1.0
13,5905,
13,2201,0.0
13,7055,
13,4363,1.0
13,895,0.0
13,2465,
13,8874,1.0
14,5661,1.0
14,7123,
14,6086,1.0
14,8095,
14,3032,1.0
14,9469,1.0
14,7119,
14,8577,
14,4915,0.0
14,1845,1.0
14,3302,0.0
14,6173,
14,6982,0.0
14,43,1.0
14,703,1.0
14,8934,0.0
14,7290,0.0
14,8449,0.0
14,9632,1.0
14,4380,0.0
14,2714,1.0
14,2517,1.0
14,5323,
14,2587,
14,2017,1.0
14,4088,
14,5567,0.0
14,252,
14,1619,0.0
14,9257,1.0
14,3300,1.0
15,6965,
15,6734,
15,5377,0.0
15,3166,1.0
15,2239,0.0
15,6143,1.0
15,7509,0.0
15,4413,1.0
15,2016,1.0
15,7886,1.0
15,7302,
15,8843,0.0
15,355,0.0
15,7314,1.0
15,6236,1.0
15,8500,0.0
15,6624,1.0
15,1246,0.0
15,2068,0.0
15,9832,0.0
15,5176,
15,1205,1.0
15,2121,1.0
15,1855,1.0
15,2586,0.0
15,4588,
15,9336,1.0
15,3128,
15,5722,1.0
16,8638,0.0
16,3482,1.0
16,4845,1.0
16,1550,
16,1908,1.0
16,2276,0.0
16,4089,1.0
16,9203,1.0
16,2238,0.0
16,5041,1.0
16,7227,
16,3027,0.0
16,3770,0.0
16,2095,0.0
16,7047,
16,477,
16,5881,0.0
16,7141,
16,5841,
16,2351,
16,6443,1.0
16,1589,1.0
16,7174,
16,7021,
16,4935,1.0
16,872,0.0
16,6778,
16,1559,1.0
16,5080,
16,4155,
16,9717,0.0
16,8015,
16,6192,0.0
16,7108,0.0
16,6462,1.0
16,7378,
16,8566,
16,4198,0.0
16,7856,0.0
16,4975,0.0
16,3165,1.0
16,2649,1.0
17,6831,
17,9897,0.0
17,5071,0.0
17,2494,1.0
17,9471,
17,2666,0.0
17,397,0.0
17,3896,1.0
17,3616,1.0
17,8353,0.0
17,4272,0.0
17,3226,0.0
17,4036,
17,9340,1.0
17,900,1.0
17,74,
17,4146,0.0
17,559,0.0
17,2667,
17,9985,0.0
17,2429,0.0
17,7599,1.0
17,8160,0.0
17,5664,1.0
17,8399,1.0
17,8205,0.0
17,3110,0.0
17,2312,1.0
17,8649,
17,2117,0.0
17,7857,
17,7530,1.0
17,7877,
17,4790,
17,3558,1.0
17,6193,0.0
17,9319,0.0
17,9168,
17,8996,
17,9308,1.0
17,3681,1.0
17,4457,
17,7223,
17,9103,
17,9707,
17,6078,0.0
17,7259,
17,357,
17,1535,0.0
17,5365,1.0
17,6720,0.0
17,427,
17,8424,
17,5726,
17,7736,0.0
17,4368,0.0
17,6678,0.0
17,4524,1.0
17,4421,
17,2408,1.0
17,3129,0.0
17,364,1.0
18,9412,0.0
18,1582,0.0
18,214,1.0
18,3377,
18,8125,1.0
18,4745,
18,4906,0.0
18,9281,0.0
18,5045,
18,6301,0.0
18,2020,
18,4928,0.0
18,9176,
18,9604,
18,4737,1.0
18,4452,0.0
18,8182,
18,2488,1.0
18,4376,0.0
18,5617,1.0
18,5233,1.0
18,5634,1.0
18,6291,0.0
18,1836,0.0
18,374,1.0
18,3984,
18,539,1.0
18,7868,
18,9598,
18,4863,
18,7457,0.0
18,6976,1.0
18,3912,
18,7853,1.0
18,8212,1.0
18,40,
18,2035,
18,338,1.0
18,966,
18,4635,
18,3167,0.0
18,5987,
18,8552,
18,939,1.0
18,4727,1.0
18,5925,0.0
18,947,1.0
18,6431,1.0
18,6918,1.0
18,2992,
18,121,
18,5980,
18,2364,0.0
18,5289,
18,7506,0.0
18,555,1.0
18,8683,
18,2663,
18,9149,0.0
18,5304,0.0
18,923,0.0
18,346,1.0
18,4078,0.0
19,7448,0.0
19,4358,0.0
19,1348,
19,3670,
19,2123,0.0
19,4386,0.0
19,1962,0.0
19,9668,1.0
19,1112,1.0
19,2483,
19,3499,0.0
19,9201,1.0
19,5424,0.0
19,7630,1.0
19,2146,1.0
19,8847,
19,920,1.0
19,31,
19,5197,0.0
19,2257,0.0
19,2706,1.0
19,8386,0.0
19,9502,
19,6899,0.0
19,7988,1.0
19,5806,1.0
19,1869,
19,1640,1.0
19,5313,1.0
19,5856,
19,4968,0.0
19,1948,
19,8837,1.0
19,2173,0.0
20,1914,1.0
20,9982,
20,1474,1.0
20,8070,1.0
20,7876,0.0
20,820,
20,6783,0.0
20,9669,0.0
20,7813,
20,2745,1.0
20,8867,
20,6256,0.0
20,6878,1.0
20,983,1.0
20,6601,
20,6114,0.0
20,3834,
20,1187,1.0
20,4985,
20,7825,1.0
20,7518,
20,5319,
20,5490,1.0
20,8765,0.0
20,2713,1.0
20,9092,1.0
20,378,1.0
20,5507,1.0
20,59,
20,9483,
20,931,1.0
20,5493,1.0
20,3592,0.0
20,115,1.0
20,5555,0.0
20,7577,0.0
20,6741,0.0
20,2296,
20,5017,1.0
20,7240,0.0
20,7611,0.0
20,9762,
20,254,
20,9551,
20,5788,1.0
20,8695,0.0
20,4996,1.0
20,885,0.0
20,1763,0.0
20,6806,
20,1637,1.0
20,6960,1.0
20,3199,
20,4184,0.0
20,9189,0.0
20,9366,
20,716,0.0
20,5390,0.0
20,2699,1.0
20,9821,
20,5651,
20,3201,0.0
20,9141,1.0
20,7051,1.0
20,9902,0.0
20,1830,1.0
20,8016,1.0
20,1796,1.0
20,1922,0.0
20,6044,1.0
20,3742,1.0
20,1228,
20,8967,
20,1222,
20,2041,0.0
20,8817,
20,9942,
20,7339,0.0
20,137,
20,7089,0.0
20,147,
20,6575,
20,2899,1.0
20,6488,
20,201,0.0
20,2981,0.0
20,1838,1.0
20,8712,0.0
20,1378,
20,698,0.0
20,7367,1.0
20,1808,
20,640,0.0
20,1593,1.0
21,9139,1.0
21,585,
21,7431,0.0
21,1075,0.0
21,7727,
21,7156,0.0
21,6698,1.0
21,3336,0.0
21,3504,1.0
21,3303,1.0
21,1553,1.0
21,6801,1.0
21,8590,
21,4014,0.0
21,5748,1.0
21,6140,1.0
21,1955,
21,9946,0.0
21,2945,0.0
21,8890,0.0
21,3878,0.0
21,512,0.0
21,719,
21,9347,0.0
21,2885,
21,197,
21,4573,0.0
21,9144,1.0
21,2848,1.0
21,7555,1.0
21,7179,1.0
21,8564,1.0
21,5865,1.0
21,6195,0.0
21,1569,1.0
21,3170,1.0
21,1452,
21,7412,0.0
21,5470,0.0
21,1673,
21,5350,
21,1736,1.0
21,9723,
21,5632,
21,3095,1.0
21,8169,1.0
21,2453,0.0
21,9136,
21,1441,
21,7406,0.0
21,4835,0.0
21,6378,1.0
21,8193,0.0
21,1082,1.0
21,6110,0.0
21,2273,0.0
21,9764,
21,5719,0.0
21,5464,0.0
21,5614,0.0
21,6373,1.0
22,3708,1.0
22,2047,1.0
22,5584,
22,8514,1.0
22,6964,1.0
22,8808,0.0
22,3549,
22,1523,
22,9682,1.0
22,8444,0.0
22,7959,
22,636,
22,434,
22,3351,
22,3289,0.0
22,6314,0.0
22,2072,0.0
22,7816,1.0
22,9309,1.0
22,6176,
22,1765,
22,9398,0.0
22,7731,
22,3411,0.0
22,3055,0.0
22,6179,0.0
22,6772,0.0
22,3801,1.0
22,2157,0.0
22,6833,
22,2178,
22,2549,0.0
22,5804,1.0
22,1905,0.0
22,3152,0.0
22,9666,1.0
22,9234,0.0
22,3248,1.0
22,5217,
22,4097,1.0
22,1422,0.0
22,8375,
22,5707,1.0
22,7452,1.0
22,6549,1.0
22,2800,1.0
22,6632,0.0
22,8811,0.0
22,1406,1.0
22,8945,
22,3205,0.0
22,5111,0.0
22,8512,1.0
22,5548,1.0
22,1856,1.0
22,3692,
22,5854,1.0
22,3181,0.0
22,1645,
22,4762,1.0
22,7022,
22,9062,1.0
22,3516,0.0
22,6517,0.0
22,3070,1.0
22,5523,1.0
22,2621,0.0
23,4204,
23,3425,1.0
23,8059,
23,1604,1.0
23,2130,1.0
23,3858,0.0
23,8870,0.0
23,303,1.0
23,483,1.0
23,8651,0.0
23,3461,
23,3676,1.0
23,3072,0.0
23,6849,0.0
23,9028,1.0
23,3514,1.0
23,755,
23,5362,
23,8283,
23,3837,0.0
23,3892,
23,3752,1.0
23,5008,1.0
23,2651,0.0
23,793,1.0
23,7642,1.0
23,7750,0.0
23,4695,
23,2029,1.0
23,2657,0.0
23,7013,1.0
23,2732,1.0
23,8378,1.0
23,8410,0.0
23,6061,1.0
23,8316,
23,6596,1.0
23,9901,
23,3816,
23,5463,
23,5231,1.0
23,865,0.0
23,1111,0.0
23,1251,0.0
23,2555,0.0
23,2678,0.0
23,6729,1.0
23,5890,
23,6280,1.0
23,8201,0.0
23,1896,1.0
23,6468,
23,5148,0.0
23,1754,1.0
23,2234,1.0
23,6088,1.0
23,8354,
23,4697,1.0
23,2880,
23,8912,1.0
23,8718,1.0
23,7758,
23,8933,1.0
23,8823,1.0
23,5828,1.0
23,9421,1.0
23,7705,1.0
23,1954,1.0
23,310,
23,3443,0.0
23,6100,
23,3094,
23,356,
23,9771,0.0
23,1666,1.0
23,3179,0.0
23,784,0.0
23,5397,
23,8615,0.0
23,9879,0.0
23,8433,1.0
24,9156,
24,2746,0.0
24,3080,1.0
24,7111,
24,6535,
24,4232,0.0
24,8726,1.0
24,7947,
24,5833,0.0
24,6039,
24,8616,
24,935,1.0
24,7490,
24,7237,
24,3658,
24,656,0.0
24,9307,
24,661,1.0
24,5897,0.0
24,6723,0.0
24,2720,
24,9056,1.0
24,8772,
24,150,0.0
24,8739,1.0
24,3707,1.0
24,620,1.0
24,1975,0.0
24,8324,1.0
24,5022,1.0
24,7101,0.0
24,9753,
24,220,
24,9505,1.0
24,1076,0.0
24,5952,0.0
24,3736,
24,4693,0.0
24,6722,1.0
24,8478,1.0
24,1005,
24,9290,
24,6534,1.0
24,5403,1.0
24,6731,
24,6335,0.0
24,6631,0.0
24,574,
24,1369,1.0
24,8973,0.0
24,8952,1.0
24,9638,0.0
24,6657,
24,5558,0.0
24,3075,
24,1825,1.0
24,1864,0.0
24,7366,0.0
24,1053,1.0
24,4949,
24,1699,1.0
24,5006,
24,8555,
24,8013,1.0
24,3496,1.0
24,5611,
24,6208,1.0
24,5826,
24,792,0.0
24,980,
24,1982,0.0
24,9165,0.0
24,3817,
24,5394,
24,8791,1.0
24,3305,1.0
25,5688,
25,5083,1.0
25,3440,
25,4830,1.0
25,315,
25,4315,1.0
25,7513,1.0
25,6508,1.0
25,1362,0.0
25,8175,0.0
25,9636,
25,8236,0.0
25,444,1.0
25,7327,0.0
25,3470,
25,9076,1.0
25,8855,
25,2914,0.0
25,3473,
25,9434,1.0
25,5908,1.0
25,4070,
25,7020,1.0
25,7049,
25,5100,
25,4284,1.0
25,3897,1.0
25,8895,0.0
25,8192,0.0
25,2682,
25,7043,1.0
25,1572,1.0
25,8239,1.0
25,300,1.0
25,8518,1.0
25,770,
25,1411,0.0
25,8030,1.0
25,6762,1.0
25,9198,
25,8445,
26,8458,1.0
26,3963,0.0
26,5552,1.0
26,4883,0.0
26,6948,
26,1110,
26,8942,0.0
26,5183,
26,7791,0.0
26,5292,
26,9613,
26,7025,1.0
26,9014,
26,6306,1.0
26,7210,1.0
26,7200,1.0
26,5763,0.0
26,6261,1.0
26,2881,
26,7789,1.0
26,9115,0.0
26,5916,
26,2670,
26,9954,1.0
26,5303,0.0
26,5161,
26,8506,0.0
26,3795,0.0
26,4650,1.0
26,2626,0.0
26,8545,1.0
26,4302,1.0
26,6134,
26,5954,0.0
26,7650,
26,4750,1.0
26,3562,
26,6665,
26,1700,1.0
26,2010,1.0
26,8307,1.0
26,2269,
26,9047,1.0
26,8145,1.0
26,2611,1.0
26,9989,0.0
26,5495,0.0
26,1768,
26,1240,
26,9923,
26,2527,1.0
26,6305,
26,6958,1.0
26,3829,
26,1687,0.0
26,7112,1.0
26,6847,0.0
26,8511,0.0
26,4212,0.0
26,2211,
26,1718,1.0
26,127,1.0
26,8056,0.0
26,6926,0.0
26,2475,
26,2295,0.0
26,1004,
26,1255,1.0
27,6362,1.0
27,6344,1.0
27,8379,
27,9131,1.0
27,1576,
27,7355,1.0
27,803,0.0
27,382,0.0
27,7922,1.0
27,4765,
27,7258,
27,8589,1.0
27,3005,
27,7679,1.0
27,8037,
27,5921,
27,3287,1.0
27,1079,
27,6366,1.0
27,6115,0.0
27,8272,0.0
27,5407,1.0
27,648,
27,5909,
27,5400,
27,8667,
27,5280,0.0
27,7575,0.0
27,2114,
27,9969,0.0
27,2281,0.0
27,5754,
27,7498,1.0
27,4287,1.0
27,1121,
27,9216,
27,1703,
27,5742,0.0
27,6152,1.0
27,2524,
27,4192,
27,7489,1.0
27,2383,
27,4451,0.0
27,7585,
27,2548,1.0
27,9853,0.0
27,3122,
27,3374,1.0
27,1641,
27,3036,
27,953,
27,9939,
27,2877,
27,3541,0.0
27,7005,
27,5618,1.0
27,554,0.0
27,8709,
27,4051,1.0
27,3136,
27,7019,
27,8894,0.0
27,7583,
27,8173,1.0
28,2338,
28,7635,1.0
28,4278,0.0
28,4312,0.0
28,4924,
28,6568,1.0
28,4534,1.0
28,2893,0.0
28,7609,1.0
28,3286,
28,9109,0.0
28,822,0.0
28,1995,
28,1916,0.0
28,7514,0.0
28,5417,0.0
28,2905,0.0
28,1677,1.0
28,4047,
28,5086,0.0
28,4513,0.0
28,8372,0.0
28,780,0.0
28,118,1.0
28,7199,1.0
28,3925,0.0
28,5307,0.0
28,6921,1.0
28,9252,0.0
28,8284,1.0
28,92,0.0
28,6691,0.0
28,4397,1.0
28,8829,0.0
28,2262,0.0
28,3342,
28,6395,
28,4335,
28,2922,
28,6893,0.0
28,4886,1.0
28,3621,1.0
28,4767,
28,3467,1.0
28,8099,
28,1151,0.0
28,4587,
28,860,
28,4726,1.0
28,3916,1.0
28,3113,0.0
28,4458,
28,4761,1.0
28,5385,0.0
28,4714,
28,4120,0.0
28,9029,1.0
28,2361,1.0
28,8432,1.0
28,8426,1.0
28,725,1.0
28,1643,
28,5201,
28,4391,
28,3965,1.0
28,3814,0.0
28,2942,1.0
28,948,0.0
28,8501,0.0
28,9689,1.0
28,1308,
28,2935,
29,6683,1.0
29,3178,
29,3172,1.0
29,3673,0.0
29,4115,
29,3604,1.0
29,7462,
29,2675,1.0
29,2822,0.0
29,7989,0.0
29,6815,
29,5184,1.0
29,7591,1.0
29,7261,
29,7359,1.0
29,5988,1.0
29,6025,0.0
29,9935,
29,5137,1.0
29,1013,
29,4776,0.0
29,2960,0.0
29,7923,1.0
29,1046,1.0
29,5532,
29,4613,0.0
29,2186,1.0
29,805,
29,7157,1.0
29,5543,1.0
30,6217,
30,6927,
30,944,0.0
30,1624,1.0
30,1647,1.0
30,52,
30,8513,
30,9835,1.0
30,4158,
30,6271,0.0
30,771,0.0
30,5284,0.0
30,3882,1.0
30,8154,1.0
30,2724,1.0
30,6932,1.0
30,12,
30,8617,0.0
30,4226,1.0
30,4409,0.0
30,3625,1.0
30,4943,
30,7194,0.0
30,1907,0.0
30,7949,0.0
30,5353,
30,2440,1.0
30,4175,0.0
30,1583,0.0
30,5903,1.0
30,2954,1.0
30,1599,0.0
30,2534,
30,791,0.0
30,7291,0.0
30,6089,0.0
30,3990,
30,9575,0.0
30,1074,1.0
30,7595,0.0
30,564,
30,7799,1.0
30,5931,1.0
30,8052,1.0
30,2393,
30,3743,1.0
30,7858,
30,4829,1.0
30,3174,1.0
30,6845,0.0
30,8243,
30,9297,0.0
30,9436,
30,721,0.0
30,3140,0.0
30,8901,0.0
30,8002,
30,5226,1.0
30,4560,1.0
31,6843,
31,6920,0.0
31,4932,1.0
31,1710,
31,6043,
31,5595,
31,5355,
31,7147,0.0
31,5038,
31,7060,0.0
31,17,0.0
31,2432,
31,6704,
31,7819,0.0
31,1218,
31,9475,0.0
31,3861,0.0
31,2260,1.0
31,7228,
31,3228,0.0
31,8720,0.0
31,5492,0.0
31,4285,
31,6324,
31,5167,0.0
31,6274,1.0
31,8753,1.0
31,5685,
31,5448,
31,8328,1.0
31,2798,1.0
31,9036,0.0
31,3379,
31,4523,0.0
31,415,
31,2350,1.0
31,7175,1.0
31,2021,
31,185,0.0
31,3106,0.0
31,3012,0.0
31,5299,
31,4871,1.0
31,3900,1.0
31,1029,
31,7121,1.0
31,9086,1.0
31,4618,
31,2126,1.0
31,4313,
31,9192,0.0
31,7560,
31,3206,0.0
31,4815,0.0
31,3282,
31,6032,
31,2003,1.0
31,4934,
31,1945,0.0
31,5339,0.0
31,4728,0.0
31,5698,1.0
31,134,0.0
31,9090,
31,8036,0.0
31,8366,1.0
31,1787,1.0
31,9493,
31,3755,
31,6312,1.0
31,3544,0.0
31,2088,
31,5887,
31,6401,1.0
31,1496,
31,1708,0.0
31,731,
31,2692,0.0
31,5257,1.0
31,5281,1.0
31,9886,
32,1634,
32,6685,
32,2473,1.0
32,4194,1.0
32,1862,1.0
32,7483,0.0
32,9851,
32,3198,0.0
32,2921,1.0
32,6260,
32,101,0.0
32,9769,1.0
32,4671,1.0
32,3667,
32,7191,1.0
32,4479,1.0
32,9274,1.0
32,7911,1.0
32,4162,0.0
32,4494,
32,4608,0.0
32,2199,
32,861,0.0
32,8608,
32,7040,0.0
32,3933,0.0
32,6213,1.0
32,3053,
32,8416,
32,3656,1.0
32,1636,0.0
32,3236,
32,4840,1.0
32,9977,1.0
32,2107,0.0
32,9314,1.0
32,4219,0.0
32,5107,1.0
32,8775,0.0
32,2747,1.0
32,1299,
32,3876,0.0
32,262,0.0
32,9697,
32,9266,1.0
32,3452,1.0
32,7777,0.0
32,7588,0.0
32,187,
32,7936,0.0
32,9580,0.0
32,4026,0.0
32,1022,0.0
32,3097,0.0
32,7755,1.0
32,5123,1.0
32,7196,0.0
32,3699,0.0
32,2542,
32,5199,0.0
32,6753,0.0
32,8109,
32,4045,0.0
32,8929,
32,2044,
32,1691,0.0
32,7494,0.0
32,4904,1.0
32,8208,
32,1587,0.0
32,6834,
32,7401,0.0
33,589,1.0
33,9577,
33,2762,
33,3901,0.0
33,6591,
33,9342,0.0
33,1320,0.0
33,7187,
33,4760,0.0
33,1919,1.0
33,3943,1.0
33,2423,0.0
33,2562,0.0
33,284,1.0
33,7310,0.0
33,4694,0.0
33,9511,1.0
33,7909,
33,7733,0.0
33,5243,0.0
33,472,
33,8228,0.0
33,516,1.0
33,8358,
33,4210,0.0
33,2456,0.0
33,473,1.0
33,9123,0.0
33,3176,0.0
33,2447,0.0
33,7992,0.0
33,403,0.0
33,5054,
33,787,1.0
33,3497,0.0
33,3911,1.0
33,2399,
33,9178,
33,2999,
33,4475,1.0
33,2727,
33,3702,1.0
33,7815,
33,4536,1.0
33,7843,0.0
33,5857,0.0
34,7496,0.0
34,827,0.0
34,5849,
34,9152,1.0
34,4606,
34,3832,1.0
34,3338,
34,2532,0.0
34,3946,
34,7670,
34,1846,0.0
34,9064,
34,650,
34,2155,0.0
34,9755,1.0
34,5296,
34,9260,0.0
34,2568,0.0
34,8580,1.0
34,8730,
34,1802,1.0
34,6060,1.0
34,4382,1.0
34,8477,0.0
34,4218,0.0
34,7377,
34,9445,1.0
34,4964,0.0
34,6583,0.0
34,8112,
34,3291,0.0
34,429,0.0
34,7531,
34,7898,0.0
34,6764,
34,1157,1.0
34,6851,0.0
34,6430,0.0
34,273,
34,4483,
34,6162,0.0
34,630,
34,3142,1.0
34,5460,1.0
34,5736,
34,9377,0.0
34,8269,0.0
34,823,
34,6159,
34,9744,0.0
34,6553,
34,697,1.0
34,4866,
34,9781,
34,8209,
34,7273,
34,1528,0.0
34,7430,1.0
34,1541,0.0
34,9284,0.0
34,1767,
34,5341,0.0
34,9621,
34,1123,
34,6285,0.0
34,2388,0.0
34,6782,0.0
34,769,0.0
34,1103,
34,4224,0.0
34,2289,1.0
34,5418,1.0
34,9947,
34,9356,0.0
34,1887,
34,2836,1.0
34,4748,1.0
34,5643,
34,1011,0.0
34,3650,0.0
34,7854,0.0
35,236,1.0
35,6030,0.0
35,668,0.0
35,8517,
35,7768,0.0
35,5723,
35,5667,1.0
35,7369,0.0
35,4700,
35,9842,0.0
35,7685,1.0
35,1522,
35,8264,0.0
35,8525,1.0
35,5888,0.0
35,4703,0.0
35,6636,1.0
35,7190,1.0
35,676,
35,4594,
35,2575,
35,1094,
35,8585,0.0
35,4339,1.0
35,1495,1.0
35,4331,
35,7238,
35,7950,
35,9737,1.0
35,2915,0.0
35,5830,
35,230,
35,2481,1.0
35,6839,1.0
35,6692,1.0
35,2760,
35,4754,1.0
35,5322,0.0
35,8466,1.0
35,9191,
35,3855,1.0
35,2513,0.0
35,9644,0.0
35,6570,
35,7195,
35,3920,0.0
35,5979,
35,3805,0.0
35,5920,1.0
35,4310,0.0
35,6250,1.0
35,4362,0.0
35,1375,0.0
35,41,
35,3559,
35,3576,1.0
35,0,
35,2579,0.0
35,1180,
35,2404,
35,1605,
35,8028,
35,6108,1.0
35,7761,
35,4847,1.0
35,8153,0.0
36,1705,0.0
36,7204,0.0
36,7168,0.0
36,8688,0.0
36,4503,0.0
36,4031,1.0
36,1442,1.0
36,8113,
36,5467,
36,4869,1.0
36,7690,1.0
36,2927,0.0
36,1741,0.0
36,4365,1.0
36,3744,
36,8994,0.0
36,5831,0.0
36,875,1.0
36,8673,0.0
36,8807,
36,5331,
36,4746,1.0
36,2426,
36,9552,1.0
36,6963,0.0
36,1374,0.0
36,7592,
36,6808,0.0
36,5675,0.0
36,5388,
36,7201,1.0
36,7669,
36,6290,1.0
36,8231,0.0
36,7185,0.0
36,6931,
36,6414,1.0
36,343,0.0
36,7695,1.0
36,6204,0.0
36,2574,1.0
36,998,1.0
36,4466,1.0
36,7437,0.0
36,7336,1.0
36,1930,0.0
36,3318,
36,5725,0.0
36,3626,1.0
36,5084,0.0
36,4147,
36,2248,0.0
36,7169,1.0
37,6903,0.0
37,8336,0.0
37,4792,0.0
37,2346,
37,7738,
37,7324,0.0
37,7383,0.0
37,1279,0.0
37,384,
37,1445,
37,3413,0.0
37,5021,0.0
37,454,0.0
37,2258,
37,8497,0.0
37,9444,0.0
37,8557,
37,2956,1.0
37,3661,1.0
37,8044,0.0
37,2701,1.0
37,408,1.0
37,686,0.0
37,5128,1.0
37,9974,
37,9730,
37,1722,
37,4322,0.0
37,217,1.0
37,2704,1.0
37,2436,0.0
37,9381,
37,6912,
37,4544,1.0
38,8903,
38,7570,1.0
38,5701,1.0
38,8092,
38,4223,1.0
38,5164,1.0
38,7464,
38,1456,0.0
38,447,1.0
38,6979,
38,8311,1.0
38,940,
38,1926,
38,7859,0.0
38,6677,1.0
38,7918,1.0
38,9491,
38,2868,1.0
38,6574,1.0
38,8296,1.0
38,8131,0.0
38,7940,
38,6376,0.0
38,2843,0.0
38,9243,1.0
38,6609,0.0
38,3941,1.0
38,6237,1.0
38,4108,0.0
38,3333,
38,9354,1.0
38,8096,1.0
38,9506,1.0
38,4643,1.0
38,6119,1.0
38,1608,0.0
38,1827,0.0
39,4567,1.0
39,6036,1.0
39,4818,
39,7834,0.0
39,9181,1.0
39,7392,
39,1757,0.0
39,6432,0.0
39,6358,
39,4080,1.0
39,1630,1.0
39,2368,
39,3043,
39,6523,1.0
39,2225,0.0
39,6810,0.0
39,1003,
39,2630,
39,8108,1.0
39,9080,
39,1628,0.0
39,2775,
39,6379,1.0
39,8578,0.0
39,5458,1.0
39,1063,1.0
39,4173,0.0
39,3290,0.0
39,995,
39,7622,1.0
39,2265,1.0
39,8828,0.0
39,6242,1.0
39,5978,1.0
39,1457,
39,8467,0.0
39,2631,0.0
39,3096,
39,6977,0.0
39,5649,1.0
40,2875,
40,5401,1.0
40,1934,
40,8597,1.0
40,1281,1.0
40,4200,
40,9453,
40,6504,0.0
40,9157,0.0
40,3852,
40,3366,1.0
40,9873,1.0
40,4954,1.0
40,7284,1.0
40,9953,
40,5592,1.0
40,3364,0.0
40,509,1.0
40,2908,0.0
40,7756,
40,8944,1.0
40,6516,0.0
40,4690,1.0
40,5321,
40,1617,
40,1455,0.0
40,8102,
40,3346,0.0
40,3272,0.0
40,7680,1.0
40,6405,0.0
40,2263,0.0
40,2212,1.0
40,9734,
40,2410,0.0
40,1847,
40,9204,
40,2168,
40,3422,
41,5505,0.0
41,4957,0.0
41,4610,0.0
41,3637,
41,8563,0.0
41,7236,1.0
41,5777,1.0
41,2916,
41,2131,0.0
41,4647,1.0
41,2437,0.0
41,3483,0.0
41,7660,
41,2533,1.0
41,5187,0.0
41,5660,1.0
41,8684,0.0
41,2590,0.0
41,9262,
41,2377,
41,9330,0.0
41,8646,0.0
41,2272,0.0
41,1910,0.0
41,5438,
41,8332,
41,6950,0.0
41,4757,1.0
41,4974,1.0
41,7413,
41,5574,
41,4809,1.0
41,3031,0.0
41,2323,1.0
41,1385,0.0
41,7380,1.0
41,2849,
41,2673,0.0
41,7917,1.0
41,3622,
41,1880,
41,798,
42,3352,1.0
42,2291,
42,8920,
42,2144,1.0
42,4203,1.0
42,5896,0.0
42,6255,
42,4257,
42,8071,0.0
42,5579,
42,453,
42,98,
42,8556,
42,2615,1.0
42,7425,
42,7317,0.0
42,6709,1.0
42,2975,0.0
42,1434,
42,4478,1.0
42,3442,1.0
42,6411,0.0
42,7646,
42,7212,
42,2932,0.0
42,4372,0.0
43,7892,1.0
43,6525,
43,2832,1.0
43,9153,1.0
43,9665,
43,8398,1.0
43,786,0.0
43,9063,1.0
43,180,0.0
43,6187,1.0
43,1141,1.0
43,9054,
43,863,1.0
43,6737,
43,2807,0.0
43,9528,
43,579,
43,5846,
43,3240,0.0
43,3909,1.0
43,6153,1.0
43,8277,1.0
43,7894,1.0
43,6233,0.0
43,3536,0.0
43,9353,1.0
43,2641,1.0
43,1533,
43,3050,
43,2890,1.0
43,3363,
43,8742,1.0
43,986,
43,7596,
43,3974,0.0
43,4525,
43,5641,
43,6983,0.0
43,6865,0.0
43,29,
43,8363,1.0
43,2222,
43,739,1.0
43,3386,0.0
43,9465,
44,7807,
44,368,
44,1390,1.0
44,3881,1.0
44,9271,1.0
44,1037,0.0
44,4053,0.0
44,3534,1.0
44,2182,
44,8347,
44,8356,1.0
44,8103,1.0
44,3312,1.0
44,2375,1.0
44,1663,
44,5297,0.0
44,621,0.0
44,1008,1.0
44,9517,
44,4698,
44,9159,
44,7717,
44,7864,0.0
44,3976,1.0
44,2113,1.0
44,1377,0.0
44,1890,
44,4415,
44,5960,1.0
45,58,
45,7395,1.0
45,6254,0.0
45,8423,1.0
45,9145,
45,4683,
45,8215,0.0
45,6776,
45,5812,0.0
45,1221,0.0
45,3543,
45,7263,1.0
45,8430,1.0
45,8325,
45,3014,1.0
45,2864,0.0
45,1294,0.0
45,5912,0.0
45,4666,0.0
45,7030,0.0
45,8717,1.0
45,5697,1.0
45,8613,0.0
45,1565,0.0
45,1924,1.0
45,7681,0.0
45,5074,
45,4071,0.0
45,7938,
45,1606,0.0
45,3527,0.0
45,901,
45,4941,1.0
45,8156,1.0
45,5419,
45,6909,1.0
45,9597,0.0
45,3447,
45,9480,1.0
45,5772,1.0
45,5840,
45,3824,0.0
45,4528,
45,4828,
45,1206,
46,7855,0.0
46,4775,0.0
46,3054,
46,8992,0.0
46,1154,0.0
46,484,0.0
46,7424,1.0
46,5181,1.0
46,9711,1.0
46,3464,1.0
46,2729,1.0
46,7230,0.0
46,5466,1.0
46,5402,1.0
46,832,
46,9962,1.0
46,5327,
46,1991,1.0
46,5803,
46,9808,1.0
46,8195,0.0
46,5781,1.0
46,1730,
46,8333,
46,3561,1.0
46,7724,1.0
46,4822,1.0
46,2665,
46,8706,
46,815,0.0
46,1650,
46,1358,
46,5977,0.0
46,4548,
46,1810,
46,9337,1.0
46,2474,0.0
46,7222,0.0
46,1892,
46,8862,0.0
46,6807,0.0
46,9283,1.0
46,6969,
46,1860,1.0
46,7507,1.0
46,3718,0.0
46,1382,0.0
46,2468,
46,2367,
46,3905,
46,5298,0.0
46,1214,
46,3723,
46,2495,1.0
46,9995,1.0
46,2394,0.0
46,5727,
46,3737,1.0
46,3089,
46,7781,
46,2672,1.0
46,1328,
46,6116,0.0
46,5329,
46,8054,0.0
46,9146,1.0
46,4570,1.0
46,4670,1.0
46,4269,0.0
46,7931,0.0
46,135,
46,9206,1.0
46,932,
46,8790,0.0
46,2097,
46,9439,0.0
46,1780,
46,348,1.0
46,4190,
46,2565,0.0
47,1372,
47,8503,1.0
47,5819,0.0
47,7993,1.0
47,542,
47,7598,1.0
47,4261,0.0
47,8627,0.0
47,4132,1.0
47,213,1.0
47,2857,0.0
47,3219,1.0
47,3741,1.0
47,8653,
47,289,1.0
47,1920,1.0
47,8376,1.0
47,8767,
47,3739,
47,2036,
47,6898,1.0
47,8034,1.0
47,7995,0.0
47,7881,1.0
47,8674,
47,6013,
47,8004,
47,8926,1.0
47,6852,0.0
47,587,
47,1519,0.0
47,9200,1.0
47,8567,0.0
47,4476,1.0
47,7411,
47,714,1.0
47,2516,1.0
47,7350,0.0
47,442,1.0
47,1052,
47,5344,
47,3799,0.0
47,3781,1.0
48,4566,
48,4918,
48,556,0.0
48,4499,
48,6059,1.0
48,4029,
48,6249,
48,4621,0.0
48,6648,
48,4832,1.0
48,1428,
48,4902,
48,3511,0.0
48,5413,0.0
48,1340,
48,1570,0.0
48,441,
48,9088,1.0
48,8480,
48,1379,
48,2328,
48,550,
48,5409,
48,8101,0.0
48,1811,
48,5195,1.0
48,2090,0.0
48,8210,1.0
48,2034,1.0
48,1389,
48,7170,
48,4672,0.0
48,2476,0.0
48,1318,1.0
48,5549,1.0
48,6564,
48,3956,
48,9083,1.0
48,4659,
48,3763,
48,4069,1.0
48,6614,0.0
48,2299,
48,314,1.0
48,2320,1.0
48,1108,
48,449,1.0
48,2427,
48,4780,0.0
48,9799,1.0
48,6630,0.0
48,6972,1.0
48,1915,
48,7643,0.0
48,4165,0.0
48,2071,1.0
48,7304,0.0
48,2125,0.0
48,3531,1.0
48,6558,0.0
48,8245,
48,6860,
48,354,1.0
48,8230,0.0
48,4857,0.0
49,5795,1.0
49,2710,
49,6622,1.0
49,6157,1.0
49,4403,0.0
49,5229,
49,3553,1.0
49,4237,1.0
49,271,
49,1446,0.0
49,4394,0.0
49,6816,1.0
49,9907,0.0
49,9672,0.0
49,8954,1.0
49,5852,0.0
49,3595,
49,9918,1.0
49,7919,1.0
49,3124,1.0
49,2505,1.0
49,2183,1.0
49,4742,1.0
49,6286,0.0
49,2936,0.0
49,4661,
49,5591,
49,3653,
49,6092,
49,891,
49,3779,0.0
49,319,0.0
49,1937,1.0
49,7250,0.0
49,25,
49,8675,
49,9950,
49,5797,1.0
49,3399,0.0
49,4244,1.0
49,7268,
49,658,1.0
49,8680,0.0
49,9158,0.0
49,8972,1.0
49,4388,
49,9495,0.0
49,1744,1.0
49,2486,1.0
49,2576,0.0
49,3028,1.0
49,8293,1.0
49,6595,1.0
49,5399,0.0
49,5064,
49,1087,1.0
49,8011,
49,9507,
49,3907,1.0
49,3973,
49,5023,0.0
49,1423,
49,2766,
49,6155,1.0
49,5155,1.0
49,1146,0.0
49,1931,
49,5582,1.0
49,1788,
49,6993,0.0
50,657,0.0
50,5379,0.0
50,210,1.0
50,8373,
50,951,0.0
50,7594,0.0
50,3601,0.0
50,6484,1.0
50,9296,1.0
50,6052,1.0
50,5050,0.0
50,7966,
50,5,
50,7803,
50,1234,0.0
50,1100,1.0
50,6607,
50,2275,1.0
50,7432,0.0
50,6383,1.0
50,9633,1.0
50,9209,
50,8048,1.0
50,7467,1.0
50,6081,1.0
50,6557,1.0
50,9812,
51,4127,1.0
51,5031,1.0
51,2215,
51,352,1.0
51,6818,
51,2564,1.0
51,7182,
51,858,1.0
51,3618,0.0
51,7806,0.0
51,1707,0.0
51,8897,1.0
51,4711,1.0
51,3480,0.0
51,4433,1.0
51,6206,0.0
51,8459,
51,9361,1.0
51,9359,0.0
51,6824,
51,9688,0.0
51,7576,1.0
51,1776,1.0
51,7896,1.0
51,3037,0.0
51,9615,0.0
51,6437,
51,8584,0.0
51,6419,0.0
52,2472,
52,2571,0.0
52,7529,
52,4655,1.0
52,6702,
52,3185,0.0
52,6439,1.0
52,2297,0.0
52,3769,
52,6074,1.0
52,7967,0.0
52,5519,
52,2722,
52,5250,
52,2743,1.0
52,3936,0.0
52,7666,0.0
52,3093,0.0
52,7076,
52,6838,0.0
52,468,0.0
52,3020,1.0
52,6802,1.0
52,4657,1.0
52,692,
52,5016,
52,916,1.0
52,7568,0.0
52,2531,1.0
52,4106,0.0
52,4753,0.0
52,7365,
52,6465,
52,1733,1.0
52,312,1.0
52,7265,0.0
52,2405,0.0
52,8599,
52,3663,0.0
52,9405,1.0
52,1391,0.0
52,9534,1.0
52,8643,0.0
52,6478,0.0
52,6955,1.0
52,8141,1.0
52,9459,0.0
52,9752,1.0
52,7301,0.0
52,3090,1.0
52,2169,
52,5870,
52,8191,0.0
52,7553,
52,727,
52,8472,0.0
52,7386,
52,1712,1.0
52,7851,0.0
52,7002,1.0
52,3540,
52,6643,1.0
52,8741,
52,4474,
52,2460,
52,5580,1.0
52,7095,
52,7503,
52,2392,1.0
52,9458,0.0
52,3841,
52,4231,0.0
52,5996,
52,8493,1.0
52,1748,
52,5092,1.0
52,2923,
52,8274,1.0
52,1658,1.0
52,9112,0.0
52,2566,0.0
52,9058,
52,480,0.0
52,1073,
52,613,
52,9635,
52,2454,
52,8406,0.0
52,8883,
52,734,
52,9389,
52,6705,1.0
53,7571,0.0
53,3284,
53,6367,1.0
53,6296,
53,6426,
53,2759,0.0
53,5605,1.0
53,3315,1.0
53,9758,
53,6031,1.0
53,5528,
53,2563,
53,8600,0.0
53,6687,0.0
53,2243,
53,8979,1.0
53,9272,0.0
53,9620,
53,7188,
53,6360,1.0
53,2352,0.0
53,3952,1.0
53,9806,0.0
53,5894,
53,7930,1.0
53,9702,1.0
53,7887,1.0
53,831,0.0
53,7247,0.0
53,9000,
53,2242,0.0
53,212,
53,4952,
53,6418,1.0
54,9497,0.0
54,8539,0.0
54,4126,1.0
54,9099,0.0
54,8304,1.0
54,4999,0.0
54,7983,1.0
54,9180,1.0
54,4540,1.0
54,6125,1.0
54,9420,0.0
54,2948,1.0
54,8832,
54,175,0.0
54,8752,0.0
54,3807,
54,3414,0.0
54,82,
54,85,1.0
54,9422,0.0
54,7776,1.0
54,7587,1.0
54,206,1.0
54,4118,0.0
54,3462,
54,1322,0.0
54,62,0.0
54,730,0.0
54,4779,1.0
54,5765,
54,9229,0.0
54,8603,0.0
54,2053,
54,209,1.0
54,3635,
54,1235,0.0
54,2415,
54,3259,
54,850,0.0
54,256,0.0
54,313,1.0
54,3522,0.0
54,5179,0.0
54,2591,
54,3403,
54,6438,0.0
54,8595,0.0
54,9972,0.0
54,8383,1.0
54,3578,1.0
54,7769,0.0
54,5601,1.0
54,6442,
54,8087,
54,1674,0.0
54,6827,
54,4877,
54,3986,0.0
54,2139,1.0
54,9311,0.0
54,2237,1.0
54,3225,0.0
54,30,1.0
54,7817,0.0
54,9931,
54,2118,
54,930,0.0
54,3047,1.0
54,9583,
55,4235,0.0
55,7248,
55,4611,
55,7764,0.0
55,6907,1.0
55,2119,
55,9743,
55,3777,0.0
55,4079,1.0
55,6489,0.0
55,4889,
55,6627,1.0
55,9881,0.0
55,4375,0.0
55,3598,
55,4740,0.0
55,3175,
55,5172,
55,3806,0.0
55,2288,0.0
55,1789,0.0
55,8925,0.0
55,9426,0.0
55,5312,0.0
55,4346,1.0
55,2965,0.0
55,4953,0.0
55,7171,0.0
55,7410,1.0
55,6449,0.0
55,4684,
55,9959,0.0
55,9932,0.0
55,2132,
55,9450,0.0
55,235,0.0
55,2638,0.0
55,3883,1.0
55,8521,0.0
55,1016,
55,4738,
55,94,0.0
55,295,
55,3365,1.0
55,1245,1.0
55,3886,
55,2060,1.0
55,548,0.0
55,9343,0.0
56,4998,0.0
56,5576,1.0
56,2018,1.0
56,2099,
56,8166,1.0
56,466,0.0
56,6943,1.0
56,7748,
56,4471,
56,481,
56,2413,1.0
56,1993,0.0
56,4860,
56,911,1.0
56,3566,0.0
56,3484,1.0
56,6198,1.0
56,8211,
56,489,1.0
56,9462,0.0
56,257,
56,2023,1.0
56,8587,1.0
56,4590,
56,402,
56,7726,0.0
56,4450,1.0
56,1324,1.0
56,811,1.0
56,4888,0.0
56,406,1.0
56,3686,1.0
56,411,0.0
56,704,0.0
56,8679,
56,597,
56,8654,1.0
56,4842,
56,765,0.0
56,6139,1.0
56,6331,1.0
56,8168,
56,605,1.0
56,1817,0.0
56,7607,0.0
56,3652,0.0
56,4099,0.0
56,4901,
56,2056,1.0
56,7068,
56,8298,
56,5941,1.0
56,4803,1.0
56,3507,1.0
56,1832,0.0
56,2594,0.0
56,7312,
56,7094,0.0
56,239,0.0
56,9503,1.0
56,6407,
56,9602,0.0
56,4134,
56,8864,
56,6080,0.0
56,2015,0.0
56,3463,
56,1066,
56,5273,0.0
56,412,1.0
56,9785,0.0
56,7732,1.0
56,6675,0.0
56,4771,0.0
56,9213,
56,1418,
56,6096,
56,8697,1.0
56,7774,0.0
56,4784,
56,8968,1.0
56,2526,1.0
56,6107,0.0
56,6661,
56,1678,
56,3948,1.0
56,9372,
56,4492,
56,8803,0.0
56,3701,
56,543,
56,8341,0.0
57,5590,0.0
57,7415,
57,1405,
57,6429,1.0
57,5787,0.0
57,1812,1.0
57,5927,1.0
57,7180,
57,660,
57,5684,1.0
57,26,1.0
57,706,
57,2567,0.0
57,4773,
57,6714,1.0
57,9106,0.0
57,9780,0.0
57,1586,0.0
57,633,0.0
57,1493,
57,4309,
57,3112,0.0
57,3902,1.0
57,4631,1.0
57,7308,
57,4930,1.0
57,6554,1.0
57,7297,0.0
57,7796,0.0
57,928,1.0
57,9706,1.0
57,4686,0.0
57,6231,
57,7926,1.0
57,1980,
57,6309,
58,4522,0.0
58,6771,
58,6475,1.0
58,9795,0.0
58,6415,0.0
58,9524,1.0
58,7344,
58,2778,1.0
58,1815,1.0
58,9488,0.0
58,8360,
58,5314,1.0
58,9019,1.0
58,5607,1.0
58,4805,1.0
58,7474,
58,5499,
58,1610,0.0
58,6184,0.0
58,2332,1.0
58,2558,0.0
58,6300,0.0
58,9386,1.0
58,6387,1.0
58,9549,0.0
58,5798,
58,1025,1.0
58,2011,
58,5602,1.0
58,4160,1.0
58,3398,0.0
58,7349,0.0
58,2424,
58,9496,
58,5502,0.0
58,6981,
58,9212,1.0
58,2963,0.0
58,6118,
58,9951,
58,1120,0.0
58,4983,0.0
58,4179,0.0
58,5340,0.0
58,7962,
58,8303,1.0
58,6144,0.0
58,7994,
58,279,1.0
58,4874,0.0
58,9844,
58,2867,
59,1997,0.0
59,2900,
59,5879,0.0
59,8259,0.0
59,2622,1.0
59,3276,
59,6417,0.0
59,7164,0.0
59,8130,0.0
59,8391,0.0
59,7267,1.0
59,2876,
59,7701,0.0
59,500,0.0
59,6576,
59,5626,1.0
59,4545,1.0
59,9481,
59,9223,
59,4087,
59,7707,1.0
59,54,1.0
59,3726,
59,8151,0.0
59,4253,
59,6202,0.0
59,2906,0.0
59,6190,0.0
59,8457,
59,1338,1.0
59,5270,0.0
59,422,0.0
60,5348,0.0
60,9770,0.0
60,8461,
60,5650,1.0
60,4135,0.0
60,6869,0.0
60,9089,0.0
60,5818,0.0
60,2614,0.0
60,7115,
60,6646,
60,7396,0.0
60,6451,1.0
60,5708,1.0
60,7872,1.0
60,5967,0.0
60,744,0.0
60,2345,0.0
60,496,1.0
60,278,0.0
60,2452,0.0
60,7044,1.0
60,6652,1.0
60,6866,0.0
60,7888,0.0
60,4294,1.0
60,1598,
60,6571,1.0
60,4487,1.0
60,478,1.0
60,7391,0.0
60,8734,1.0
60,4345,
60,4758,0.0
60,2192,
60,8691,0.0
60,2894,0.0
60,8206,0.0
60,2162,1.0
60,6038,
60,8346,1.0
60,1280,
60,4595,1.0
60,2283,1.0
60,7400,1.0
60,776,0.0
60,5099,1.0
60,5750,
60,8547,
60,9045,
60,9174,1.0
60,6005,1.0
60,227,1.0
60,9876,0.0
60,90,1.0
60,3148,1.0
60,6310,0.0
60,9611,
60,2804,1.0
60,3772,0.0
60,219,1.0
60,4136,1.0
60,3992,
60,8908,
60,1403,1.0
60,775,1.0
60,3833,1.0
60,3550,
60,2317,1.0
60,5459,
60,3092,1.0
60,2972,0.0
60,2443,0.0
60,8136,0.0
60,3060,
60,7723,1.0
60,9057,1.0
60,3729,
60,6473,
60,9082,1.0
60,5369,0.0
60,1429,1.0
61,3582,1.0
61,2844,
61,7632,1.0
61,6377,0.0
61,3153,1.0
61,136,
61,3408,
61,7846,1.0
61,4130,
61,7729,1.0
61,5691,1.0
61,4914,1.0
61,4970,1.0
61,4013,
61,5118,
61,7062,1.0
61,5462,0.0
61,8640,1.0
61,2791,1.0
61,6056,
61,925,
61,4723,0.0
61,7706,
61,1564,1.0
61,9129,0.0
61,5287,1.0
61,1953,0.0
61,3937,1.0
61,8738,1.0
61,1840,
61,3994,
61,9875,
61,4980,1.0
61,4141,
61,2279,
61,5241,
61,6937,1.0
61,1685,1.0
61,4357,
61,7623,0.0
61,7303,0.0
61,5049,1.0
61,9760,1.0
61,7991,0.0
61,1093,
61,8873,
61,396,0.0
61,5325,0.0
61,3074,1.0
61,5024,1.0
61,8687,0.0
61,8270,0.0
61,1480,0.0
61,7786,0.0
61,5478,0.0
61,3751,1.0
61,393,1.0
61,7683,0.0
61,4870,0.0
62,7376,1.0
62,962,
62,3011,0.0
62,9911,1.0
62,4584,1.0
62,1568,1.0
62,9256,0.0
62,6507,
62,7472,0.0
62,4152,1.0
62,2744,1.0
62,5547,1.0
62,8073,1.0
62,9258,0.0
62,1178,1.0
62,9119,0.0
62,6901,1.0
62,1885,1.0
62,9778,0.0
62,4171,0.0
62,907,1.0
62,5372,1.0
62,9525,0.0
62,5760,0.0
62,942,0.0
62,4027,0.0
62,6316,
62,2755,0.0
62,1656,0.0
62,8029,0.0
62,9485,1.0
62,8737,0.0
62,3719,
62,7048,
62,4514,
62,6821,0.0
62,9856,0.0
62,7996,1.0
62,9187,
62,8074,1.0
62,460,
62,736,
62,4931,
62,1661,
62,1012,
62,3724,1.0
62,6132,0.0
62,8484,
62,7007,1.0
62,7884,0.0
62,4465,
62,7698,0.0
62,6486,
62,7217,
62,4153,1.0
62,5718,0.0
62,4837,1.0
62,4539,
62,2509,
62,7841,0.0
62,4349,1.0
62,9077,0.0
62,4467,0.0
62,5659,0.0
62,9452,1.0
62,8163,0.0
62,7965,
62,172,0.0
62,1017,0.0
62,50,1.0
62,3641,
62,5426,
62,3593,0.0
62,9569,1.0
62,1335,0.0
62,5465,
62,1286,
62,7071,1.0
62,4067,0.0
62,6638,1.0
62,549,1.0
62,3071,1.0
62,13,0.0
62,9652,
62,5335,1.0
62,7593,1.0
62,6490,0.0
63,846,
63,2359,0.0
63,8538,1.0
63,5597,0.0
63,345,0.0
63,2254,0.0
63,9520,
63,2492,
63,2038,
63,9239,
63,9107,1.0
63,1517,
63,1988,0.0
63,9261,
63,6445,1.0
63,4898,0.0
63,5658,1.0
63,8474,1.0
63,5389,
63,1912,0.0
63,2910,
63,1747,
63,3323,
63,7891,
63,1283,0.0
63,435,0.0
63,1435,0.0
63,8658,0.0
63,3620,
63,1913,0.0
63,6541,0.0
63,3068,1.0
63,5957,1.0
63,9608,0.0
63,4228,1.0
63,3918,0.0
63,4248,1.0
63,5378,0.0
63,4946,1.0
63,1239,
63,3256,
63,6749,0.0
63,8188,1.0
63,8068,
64,3052,0.0
64,9385,
64,8309,
64,7224,
64,6975,0.0
64,7613,
64,8464,1.0
64,3695,
64,2191,
64,4633,1.0
64,8622,
64,5120,1.0
64,5429,1.0
64,9627,
64,9151,1.0
64,8224,1.0
64,2928,
64,4702,0.0
64,311,
64,3711,1.0
64,1071,
64,3451,0.0
64,6923,1.0
64,4279,
64,4325,
64,3888,0.0
64,3160,1.0
64,5398,0.0
64,4526,0.0
64,9862,0.0
64,6588,
64,5624,1.0
64,124,0.0
64,9300,0.0
64,3746,1.0
64,2799,1.0
64,4783,1.0
64,75,1.0
64,7900,0.0
64,1302,
64,5892,1.0
64,8530,1.0
64,2165,1.0
64,794,
64,1312,1.0
64,6750,1.0
64,5924,
64,6220,
64,3220,0.0
64,5005,1.0
64,3486,1.0
64,5648,0.0
64,9975,
64,634,0.0
64,3163,1.0
64,4432,
64,7536,0.0
64,4919,
64,4028,0.0
64,3962,0.0
64,6605,0.0
64,8747,1.0
64,9102,
64,917,1.0
65,1946,1.0
65,2086,1.0
65,5541,0.0
65,3830,0.0
65,2952,1.0
65,1726,
65,6050,
65,3698,
65,4559,1.0
65,413,0.0
65,151,0.0
65,7018,
65,933,
65,6095,
65,1307,0.0
65,7329,1.0
65,8946,
65,9750,0.0
65,4660,1.0
65,2540,
65,3474,1.0
65,8312,0.0
65,5844,0.0
65,6109,0.0
65,4981,0.0
65,2318,0.0
65,3396,0.0
65,9948,0.0
65,6014,1.0
65,691,1.0
65,6440,0.0
65,3677,
65,4963,0.0
65,6441,0.0
65,9224,1.0
65,8655,1.0
65,3556,
65,1366,0.0
65,617,0.0
65,373,0.0
65,4574,
65,5076,
65,2940,
65,7102,1.0
65,8305,1.0
65,9607,1.0
65,9004,1.0
65,2177,1.0
65,5823,0.0
65,5062,
65,795,0.0
65,2247,1.0
65,7166,
65,8302,
65,527,1.0
65,8454,
65,6986,
65,1049,1.0
65,8583,0.0
65,9855,
65,5940,
65,4055,0.0
65,9362,0.0
65,1725,0.0
65,1702,
65,7608,0.0
65,2691,
65,4967,
65,2008,0.0
65,8993,0.0
65,6266,1.0
65,5361,1.0
65,3765,
65,6984,1.0
65,7722,0.0
65,9501,
65,4369,
65,2955,0.0
65,6686,0.0
65,1267,0.0
65,1461,
65,7579,
65,4563,1.0
65,9675,0.0
65,3716,1.0
65,8630,0.0
65,1972,
65,8906,
65,1047,
65,5180,
66,3229,1.0
66,3146,
66,6241,1.0
66,9435,0.0
66,5565,1.0
66,6539,0.0
66,1364,1.0
66,4145,1.0
66,215,0.0
66,9690,1.0
66,1132,0.0
66,15,0.0
66,3327,1.0
66,531,0.0
66,1193,
66,9845,0.0
66,9567,
66,4921,0.0
66,9563,0.0
66,1275,1.0
66,7325,0.0
66,5192,
66,4833,1.0
66,1159,0.0
66,2414,0.0
66,9133,1.0
66,4298,0.0
66,7810,1.0
66,5654,0.0
66,7619,1.0
66,5720,
66,8784,0.0
66,7023,1.0
66,4123,0.0
66,418,1.0
66,3747,0.0
66,6826,
66,8561,1.0
66,8677,0.0
66,8749,1.0
66,6721,0.0
66,388,
66,9195,1.0
66,2831,1.0
66,2862,0.0
66,6169,0.0
66,9162,
66,9248,1.0
66,1786,1.0
66,8357,1.0
66,7328,
66,2887,0.0
66,9617,
66,5991,0.0
66,9288,0.0
66,4770,
66,1984,
66,2066,1.0
66,5898,1.0
66,3083,0.0
66,4977,
66,2854,
66,6798,
66,6700,1.0
66,1097,
66,3822,1.0
66,1346,0.0
66,1236,1.0
66,2588,1.0
66,5162,0.0
66,4443,1.0
66,9823,1.0
66,9111,
66,8502,
66,3528,0.0
66,2209,0.0
66,9628,1.0
66,5269,1.0
66,9024,0.0
66,1182,
66,6538,
66,7982,1.0
66,2507,0.0
66,2194,1.0
66,1232,
66,4938,1.0
66,3347,
67,6374,0.0
67,9691,0.0
67,5613,
67,2904,
67,9825,
67,1644,
67,3296,
67,3222,0.0
67,8857,0.0
67,4364,
67,4597,1.0
67,1350,
67,8962,0.0
67,3348,1.0
67,9535,1.0
67,6805,1.0
67,5971,1.0
67,1978,1.0
67,6917,1.0
67,1807,0.0
67,6789,0.0
67,1612,
67,3694,
67,3757,
67,4249,0.0
67,334,0.0
67,4814,1.0
67,7794,1.0
67,3509,1.0
67,2135,0.0
67,6226,0.0
67,7838,
67,522,
67,6351,0.0
67,2150,1.0
67,359,1.0
67,2330,
67,6874,1.0
67,4678,
67,4419,0.0
67,6396,1.0
67,86,
67,596,1.0
67,3465,1.0
67,5134,1.0
67,967,
67,5609,0.0
67,2503,1.0
67,6540,0.0
67,4021,1.0
67,8382,
67,4442,1.0
67,5445,0.0
67,9619,1.0
67,1977,
67,179,0.0
67,1591,1.0
67,1370,
67,35,
67,2980,1.0
67,6688,1.0
67,6004,0.0
67,9654,0.0
67,7363,1.0
67,3158,1.0
67,8705,0.0
67,6561,0.0
67,6227,0.0
67,5114,1.0
67,9055,0.0
67,584,1.0
67,646,0.0
67,7387,1.0
67,9210,1.0
67,5138,1.0
67,9594,0.0
67,7361,
67,9556,
67,722,0.0
67,5862,1.0
67,5770,0.0
67,5566,0.0
68,2061,0.0
68,3264,0.0
68,753,
68,486,0.0
68,4849,
68,2827,
68,1102,
68,6007,1.0
68,190,0.0
68,3022,0.0
68,6329,1.0
68,4065,1.0
68,8405,0.0
68,1545,1.0
68,789,0.0
68,6034,
68,5416,0.0
68,3758,
68,3771,
68,5891,1.0
68,4502,1.0
68,2096,1.0
68,1573,1.0
68,5259,
68,2147,0.0
68,8581,0.0
68,6671,
68,3508,
68,1831,0.0
68,746,
68,8429,1.0
68,3261,
68,5285,
68,5019,0.0
68,3588,
68,2482,0.0
68,4006,1.0
69,5735,1.0
69,132,
69,7407,0.0
69,9685,1.0
69,5713,
69,4782,
69,2422,
69,4616,0.0
69,3520,1.0
69,2856,
69,6779,1.0
69,1117,
69,8018,0.0
69,5868,
69,5913,1.0
69,8848,1.0
69,9788,1.0
69,8132,0.0
69,6090,
69,7692,0.0
69,7159,1.0
69,6573,0.0
69,988,
69,2925,1.0
69,601,0.0
69,3512,
69,7036,0.0
69,6586,0.0
69,8475,1.0
69,8146,0.0
69,9955,
69,8148,1.0
69,5391,0.0
69,3869,0.0
69,3971,0.0
69,7252,1.0
69,8792,0.0
69,7440,0.0
69,6590,
69,9533,1.0
69,1795,1.0
69,9341,
69,7334,0.0
69,8711,0.0
69,4468,
69,6728,
69,715,
69,7981,
69,1498,
69,807,0.0
69,4481,
69,5040,
69,2370,0.0
69,7326,0.0
69,2058,
69,183,
69,7744,1.0
69,5937,
69,9049,1.0
69,8227,
69,6599,0.0
69,3087,0.0
69,7535,
69,6150,1.0
69,6058,0.0
69,3319,0.0
70,743,1.0
70,3203,
70,6103,0.0
70,6883,1.0
70,1483,0.0
70,8789,
70,9882,
70,9315,
70,4242,
70,3988,0.0
70,2226,
70,6503,
70,4002,0.0
70,5481,0.0
70,100,1.0
70,1077,1.0
70,6166,
70,5948,1.0
70,6745,1.0
70,4329,1.0
70,4404,0.0
70,819,0.0
70,234,
70,9375,
70,3693,0.0
70,8331,0.0
70,675,
70,7752,
70,8909,1.0
70,7665,
70,1578,
70,9572,1.0
70,8907,0.0
70,8338,0.0
70,6094,0.0
70,7985,0.0
70,1758,1.0
70,7814,
70,610,1.0
70,2458,
70,5753,
70,5132,0.0
70,3042,1.0
70,7620,1.0
70,6068,0.0
70,5253,0.0
70,2733,1.0
70,6619,
70,3786,
70,9601,1.0
70,7186,
70,9456,0.0
71,3880,1.0
71,9108,1.0
71,1331,0.0
71,3078,1.0
71,6353,1.0
71,7684,1.0
71,2204,0.0
71,2134,1.0
71,6347,
71,4604,
71,4851,1.0
71,5026,1.0
71,8804,
71,1755,1.0
71,8575,1.0
71,7656,1.0
71,4206,1.0
71,2530,0.0
71,662,0.0
71,4098,
71,1791,
71,1974,
71,3914,
71,9591,0.0
71,818,
71,18,1.0
71,3211,0.0
71,3678,
71,8255,0.0
71,1192,0.0
71,3510,
71,5091,
71,9983,
71,68,0.0
71,7143,
71,4858,0.0
71,9051,0.0
71,4280,1.0
71,14,
71,9614,
71,4816,1.0
71,4766,1.0
71,5843,
71,8676,
71,654,1.0
71,3613,1.0
71,87,
71,914,
71,333,
71,2001,
71,116,
71,4073,0.0
71,7249,1.0
71,6018,0.0
71,6520,1.0
71,7882,
71,7298,1.0
71,8721,1.0
71,8118,
71,7315,1.0
71,5814,
71,2081,
71,3827,0.0
71,1695,0.0
71,9303,1.0
71,5204,1.0
71,7293,0.0
71,9365,1.0
71,6666,0.0
71,745,0.0
71,5594,0.0
71,7073,1.0
71,3010,1.0
71,2658,0.0
71,7067,
71,2977,1.0
71,5442,
71,3468,0.0
71,9643,
71,9235,
71,5761,1.0
71,7932,0.0
71,1981,1.0
71,7885,
71,8629,
72,1185,
72,8078,1.0
72,5562,
72,4289,
72,1216,1.0
72,8685,0.0
72,9869,0.0
72,6394,
72,2195,1.0
72,5349,0.0
72,8542,
72,1696,1.0
72,4326,0.0
72,1412,0.0
72,7313,
72,410,
72,5942,1.0
72,9163,
72,2828,
72,2930,
72,5845,0.0
72,1363,0.0
72,1026,1.0
72,7687,
72,6400,0.0
72,7429,
72,4542,1.0
72,6512,0.0
72,5276,
72,63,0.0
72,9742,0.0
72,652,0.0
73,1345,1.0
73,9091,1.0
73,908,
73,2027,
73,7065,
73,196,0.0
73,5779,0.0
73,4046,0.0
73,1616,0.0
73,964,0.0
73,22,0.0
73,2795,
73,7831,1.0
73,8723,0.0
73,3646,1.0
73,4390,
73,626,0.0
73,5794,
73,8297,0.0
73,8014,
73,7189,
73,2723,
73,1872,1.0
73,3099,1.0
73,9824,
73,6651,1.0
73,2780,0.0
73,3455,1.0
73,1458,0.0
73,9428,
73,5821,
73,36,0.0
73,2500,1.0
73,1473,
73,7059,
73,9998,0.0
73,4885,0.0
73,766,1.0
73,9027,
73,5956,
73,7682,
73,6469,
73,7281,0.0
73,8856,0.0
73,375,
73,849,0.0
73,3238,0.0
73,9573,
73,551,1.0
74,7069,
74,7035,1.0
74,4060,
74,3645,1.0
74,3126,1.0
74,4435,
74,7661,
74,7580,
74,7747,0.0
74,612,1.0
74,4841,1.0
74,272,1.0
74,1618,1.0
74,4225,
74,3929,1.0
74,6077,0.0
74,2069,1.0
74,8879,1.0
74,1101,1.0
74,7821,1.0
74,5382,1.0
74,6084,0.0
74,2396,1.0
74,2348,0.0
74,5628,1.0
74,9674,
74,8481,
74,3262,1.0
74,9041,
74,3380,0.0
74,2287,0.0
74,7979,0.0
74,6391,1.0
74,7372,
74,1925,0.0
74,6747,0.0
74,337,
74,4341,
74,1961,
74,1486,1.0
74,957,0.0
74,5744,0.0
74,8846,0.0
74,578,0.0
74,3587,
74,5734,
74,6326,1.0
74,9791,0.0
74,7697,1.0
74,6003,
74,2043,0.0
74,3173,1.0
74,3162,1.0
74,9538,
74,9896,0.0
74,9640,1.0
74,1596,1.0
74,5368,0.0
74,4861,0.0
74,7977,0.0
74,9904,0.0
74,464,
74,9104,0.0
74,6637,1.0
74,2758,0.0
74,9540,
74,970,
74,4425,1.0
75,4316,0.0
75,6740,0.0
75,9810,
75,4023,0.0
75,4506,0.0
75,1230,0.0
75,9558,0.0
75,2918,
75,5514,
75,8344,1.0
75,2749,1.0
75,9391,0.0
75,5984,1.0
75,1357,
75,6459,0.0
75,1421,
75,6142,0.0
75,469,
75,9069,1.0
75,5300,1.0
75,4402,
75,6919,0.0
75,2420,1.0
75,2223,0.0
75,3577,0.0
75,6934,0.0
75,5503,
75,8439,1.0
75,788,1.0
75,9443,
75,1749,1.0
75,9259,
75,6225,
75,9320,1.0
76,7056,1.0
76,3453,0.0
76,2606,0.0
76,5850,0.0
76,5343,
76,6151,1.0
76,6913,0.0
76,6021,1.0
76,5374,0.0
76,6566,0.0
76,7606,0.0
76,8388,1.0
76,1092,0.0
76,8288,0.0
76,6863,1.0
76,4420,
76,3985,0.0
76,7330,0.0
76,293,1.0
76,5771,
76,1557,1.0
76,97,1.0
76,3731,
76,6363,1.0
76,7492,1.0
76,3147,
76,7649,0.0
76,2448,
76,7466,1.0
76,779,1.0
76,269,0.0
76,9138,0.0
76,6054,0.0
76,9726,
77,4859,1.0
77,547,1.0
77,3216,
77,9576,1.0
77,8949,1.0
77,3537,1.0
77,5963,0.0
77,3526,
77,8880,1.0
77,6565,0.0
77,4295,
77,3530,1.0
77,4819,0.0
77,8965,0.0
77,5557,0.0
77,8027,
77,4301,
77,7427,1.0
77,5758,0.0
77,4798,
77,5311,
77,6154,0.0
77,3532,
77,6188,0.0
77,8098,1.0
77,7137,1.0
77,2369,
77,4398,
77,7970,
77,5055,0.0
77,5456,0.0
77,5020,
77,5420,0.0
77,8067,1.0
77,7713,0.0
77,8456,0.0
77,4497,
77,602,
77,7426,0.0
77,1579,0.0
77,8936,0.0
77,8732,0.0
77,9813,
77,4564,1.0
77,855,1.0
77,4905,1.0
77,1119,0.0
77,6916,0.0
77,1084,
77,9641,0.0
77,7944,
77,800,
77,251,0.0
77,3445,1.0
77,1105,0.0
77,3184,0.0
77,5124,0.0
77,6265,1.0
77,7116,0.0
77,7220,
77,6315,
77,8181,1.0
78,8845,1.0
78,9561,
78,9801,1.0
78,6318,0.0
78,9779,1.0
78,7075,1.0
78,9564,0.0
78,5889,1.0
78,9767,0.0
78,1347,1.0
78,2502,0.0
78,2768,
78,1686,0.0
78,4852,0.0
78,1020,1.0
78,5252,1.0
78,5235,
78,8340,
78,594,0.0
78,9889,0.0
78,4151,
78,8859,1.0
78,2838,0.0
78,105,0.0
78,8225,1.0
78,3194,0.0
78,4512,1.0
78,7906,1.0
78,6406,
78,772,
78,3524,1.0
78,4699,
78,8594,1.0
78,750,
78,5145,1.0
78,2985,1.0
78,7901,1.0
78,7554,
78,5872,
78,9073,
78,7828,
78,5112,1.0
78,369,0.0
78,4639,1.0
78,7441,0.0
78,9703,0.0
78,123,0.0
78,482,1.0
78,3999,0.0
78,8177,0.0
78,7897,0.0
78,3584,1.0
78,226,0.0
78,6141,1.0
78,6645,
78,5440,0.0
78,9867,
78,1989,
78,2250,0.0
78,8221,0.0
78,5704,0.0
78,3704,
78,7480,
78,2541,1.0
79,8971,1.0
79,9282,
79,2882,1.0
79,4258,1.0
79,5102,
79,9225,
79,8642,0.0
79,2156,1.0
79,5202,
79,1613,
79,164,0.0
79,216,
79,6232,
79,4612,0.0
79,6730,0.0
79,6082,1.0
79,3813,1.0
79,8487,
79,4791,0.0
79,1594,0.0
79,6180,0.0
79,2522,0.0
79,1393,
79,7136,0.0
79,6872,1.0
79,1936,1.0
79,7418,
79,7512,
79,8421,0.0
79,6099,0.0
79,4538,
79,3788,1.0
79,5359,
79,5498,1.0
79,9774,0.0
79,9294,0.0
79,4680,
79,9020,1.0
79,5043,0.0
79,5656,
79,6978,0.0
79,2461,
79,1068,1.0
79,4893,1.0
79,4110,1.0
79,6298,1.0
79,6531,0.0
79,144,
79,3156,0.0
79,7109,1.0
79,5915,0.0
79,1878,
79,1976,1.0
79,6413,0.0
79,5061,
79,3500,1.0
79,9327,
79,4692,1.0
79,3038,
79,1402,
79,27,
79,8810,1.0
79,9562,0.0
79,7772,1.0
79,8636,
79,3826,1.0
79,2366,
79,511,
79,5965,0.0
79,7893,1.0
79,4149,1.0
79,9936,1.0
79,8465,0.0
79,5860,
79,4806,0.0
79,6410,0.0
79,56,
79,241,0.0
79,1342,
79,1219,
79,5747,0.0
79,8797,0.0
79,9626,1.0
79,6873,
79,8371,0.0
79,2943,1.0
79,2293,
79,1081,1.0
79,3280,1.0
79,9394,
79,3642,1.0
79,2896,
79,5483,0.0
79,6708,
79,9364,0.0
79,9956,
79,2697,1.0
80,6524,1.0
80,5039,
80,8586,1.0
80,8724,1.0
80,3077,0.0
80,6681,0.0
80,3602,
80,8818,
80,9329,1.0
80,8187,1.0
80,2083,0.0
80,2752,1.0
80,1850,1.0
80,5085,
80,6733,
80,3552,0.0
80,7528,0.0
80,1343,1.0
80,4884,0.0
80,7280,0.0
80,6210,0.0
80,8292,1.0
80,8155,
80,9609,1.0
80,9396,
80,9253,0.0
80,5087,
80,3086,
80,1854,
80,4342,1.0
80,1064,
80,8782,
80,8596,
80,4445,0.0
80,8104,0.0
80,1032,0.0
80,3125,0.0
80,5825,1.0
80,3840,
80,4617,
80,5219,1.0
80,9388,1.0
80,6402,0.0
80,3581,0.0
80,839,
80,6788,
80,3073,0.0
80,9709,1.0
80,6461,1.0
80,8660,
80,3597,1.0
80,9917,1.0
80,3643,
80,6336,1.0
80,1764,1.0
80,1136,
81,6785,
81,157,
81,2689,
81,2459,
81,3823,
81,785,0.0
81,5421,
81,1614,
81,4040,0.0
81,9463,1.0
81,2304,1.0
81,1957,0.0
81,4945,
81,9937,0.0
81,9387,0.0
81,2688,1.0
81,5446,
81,4708,
81,1949,0.0
81,2161,1.0
81,4575,0.0
81,385,
81,3579,
81,4303,
81,773,0.0
81,3207,1.0
81,5048,0.0
81,3671,0.0
81,8321,
81,8778,
81,2995,1.0
81,9357,0.0
81,628,
81,6111,0.0
81,6735,1.0
81,4385,
81,9197,1.0
81,1871,1.0
81,6922,
81,4121,
81,717,0.0
81,3375,0.0
81,6342,1.0
81,261,1.0
81,1638,
81,9017,1.0
81,6172,0.0
81,5570,0.0
81,5873,1.0
81,5435,0.0
81,5066,1.0
81,959,1.0
81,9805,
81,1210,
81,7759,1.0
81,4150,1.0
81,9316,
81,8863,0.0
81,9599,
81,2271,0.0
81,7615,
81,5629,1.0
81,9603,
81,9963,1.0
81,8770,1.0
81,9240,0.0
81,3492,
81,8865,1.0
81,7954,
81,6712,1.0
81,4491,0.0
81,7300,
81,6295,0.0
81,8295,1.0
81,28,
81,6494,0.0
81,8766,1.0
81,5053,1.0
82,1943,0.0
82,528,
82,1409,1.0
82,428,
82,2294,0.0
82,6288,
82,6017,0.0
82,3903,0.0
82,1449,0.0
82,7710,
82,7177,
82,3204,
82,8523,0.0
82,1438,
82,5791,1.0
82,796,1.0
82,8400,
82,8337,
82,474,1.0
82,5511,0.0
82,3546,0.0
82,2360,
82,2012,1.0
82,2407,1.0
82,1857,
82,2545,
82,8930,1.0
82,7153,0.0
82,2026,0.0
82,8385,0.0
82,1477,
82,7337,
82,6846,0.0
82,16,0.0
82,4058,0.0
82,9241,0.0
82,8958,
82,8735,0.0
82,9676,0.0
82,8498,0.0
82,9612,
82,5028,1.0
82,4229,
82,8573,
82,8246,1.0
82,760,1.0
82,8199,1.0
82,6569,0.0
82,9900,1.0
82,7178,1.0
82,5801,1.0
82,7804,0.0
82,8184,0.0
82,1670,
82,4744,
82,5098,1.0
82,9700,1.0
82,8975,1.0
82,2142,
82,3275,1.0
82,9677,1.0
82,2067,
82,47,1.0
82,2617,1.0
82,8743,1.0
82,4752,1.0
82,9079,0.0
82,4140,
82,5775,
82,7409,1.0
82,4550,0.0
82,1261,
82,6707,0.0
82,1623,1.0
82,1172,
82,7955,0.0
82,8162,1.0
82,8127,0.0
82,3367,1.0
82,8334,
82,2343,1.0
82,2336,1.0
82,386,
82,7176,0.0
83,1728,
83,7106,1.0
83,3997,0.0
83,7206,0.0
83,6973,
83,8045,0.0
83,281,0.0
83,5009,
83,4794,1.0
83,5047,0.0
83,7358,0.0
83,5527,0.0
83,8149,0.0
83,9236,0.0
83,2430,0.0
83,4801,0.0
83,9196,0.0
83,1837,
83,417,0.0
83,6323,1.0
83,4214,1.0
83,2136,
83,9484,1.0
83,6354,0.0
83,2654,1.0
83,6871,0.0
83,892,0.0
83,9745,0.0
83,6679,
83,4464,0.0
83,426,0.0
83,4579,
83,5692,1.0
83,5115,0.0
83,9194,1.0
83,5733,
83,3803,0.0
83,6137,1.0
83,6113,0.0
83,6408,
83,4373,1.0
83,7274,
83,3281,1.0
83,3354,1.0
83,5729,1.0
83,8339,
83,4057,1.0
83,1801,0.0
83,8009,1.0
83,2964,
83,9173,0.0
83,1601,
83,5242,0.0
83,9292,
83,4677,
83,2557,1.0
83,2515,
83,4800,
83,5268,1.0
83,9246,
83,5159,1.0
83,8294,0.0
84,5969,1.0
84,8821,1.0
84,862,0.0
84,1215,0.0
84,2860,1.0
84,1276,
84,5635,0.0
84,6676,0.0
84,1069,0.0
84,9980,1.0
84,8222,1.0
84,4075,0.0
84,7718,1.0
84,8707,
84,9120,
84,9126,0.0
84,2810,1.0
84,3200,
84,1719,0.0
84,5526,
84,1319,0.0
84,4202,0.0
84,7461,
84,3193,
84,9074,
84,7567,0.0
84,5366,1.0
84,8626,1.0
84,6957,0.0
84,34,0.0
84,9833,0.0
84,1198,0.0
84,9449,0.0
84,9486,0.0
84,5938,1.0
84,8370,1.0
84,6024,1.0
84,8387,1.0
84,8135,1.0
84,968,0.0
84,6784,0.0
84,5834,0.0
84,6746,1.0
84,3309,
84,8509,0.0
84,3372,
84,6640,1.0
84,1173,1.0
84,8686,
84,2863,
84,8492,
84,9269,1.0
84,5072,
84,9110,1.0
84,8947,
84,764,1.0
84,9920,0.0
84,2355,
84,2331,1.0
84,9915,1.0
84,741,0.0
84,5189,1.0
84,1563,0.0
84,8896,
84,9892,1.0
84,9048,0.0
84,4267,
84,7353,0.0
84,9291,1.0
84,3651,1.0
84,2089,
84,5976,
84,8576,0.0
84,6389,0.0
84,2499,1.0
84,8710,0.0
84,6875,1.0
84,9467,
84,120,
84,3059,1.0
84,3684,1.0
84,5274,1.0
84,8437,0.0
84,2122,
84,260,0.0
84,7316,
84,533,0.0
84,2255,0.0
84,8017,0.0
84,5059,0.0
84,1863,0.0
84,7678,1.0
84,9066,1.0
84,6567,
85,7495,0.0
85,7730,1.0
85,2333,1.0
85,1018,1.0
85,8938,0.0
85,1626,1.0
85,64,0.0
85,3395,
85,5334,
85,6130,0.0
85,4154,
85,60,0.0
85,7953,0.0
85,5106,
85,618,1.0
85,5809,1.0
85,7945,1.0
85,7590,0.0
85,4541,1.0
85,3157,1.0
85,3639,0.0
85,1928,0.0
85,5668,1.0
85,2349,0.0
85,9878,
85,5681,
85,7241,0.0
85,99,0.0
85,8956,
85,3682,0.0
85,2051,
85,5079,0.0
85,8727,1.0
85,2865,
85,3810,0.0
85,5336,0.0
85,5721,
85,5738,
85,8537,1.0
85,824,
85,3748,
85,317,
85,7070,1.0
85,2324,0.0
85,9659,
85,2806,
85,3035,0.0
85,3589,
85,8746,1.0
85,4645,
85,9571,1.0
85,761,1.0
85,7839,
85,2535,1.0
85,6902,0.0
85,9736,1.0
85,9068,
85,5877,1.0
85,8838,1.0
85,7323,
85,9794,1.0
85,8275,0.0
85,711,1.0
85,9499,1.0
85,3235,0.0
85,4804,0.0
86,3217,
86,4247,1.0
86,5638,0.0
86,3503,
86,3441,1.0
86,6011,0.0
86,742,0.0
86,4707,1.0
86,7346,0.0
86,1002,0.0
86,9154,0.0
86,701,1.0
86,2079,
86,5476,1.0
86,3429,
86,3627,1.0
86,2327,
86,1253,
86,2282,0.0
86,4107,
86,8401,
86,2742,1.0
86,4607,
86,1459,1.0
86,7686,1.0
86,5922,1.0
86,893,0.0
86,5782,0.0
86,6384,1.0
86,1717,0.0
86,8024,
86,8204,1.0
86,5275,
86,5768,0.0
86,8097,
86,9761,1.0
86,1414,1.0
86,8076,1.0
86,3573,0.0
86,3405,
86,3358,0.0
86,5588,1.0
86,4066,
86,7127,1.0
86,3436,
86,4568,1.0
86,4024,0.0
86,3960,
86,8443,
86,2316,0.0
86,4112,
86,5517,0.0
86,7778,0.0
86,4384,0.0
86,6623,0.0
86,3506,
86,608,
86,6884,0.0
86,7527,0.0
87,2598,1.0
87,5392,0.0
87,2268,1.0
87,2624,
87,6477,0.0
87,1404,0.0
87,3213,
87,6537,1.0
87,1574,0.0
87,4412,
87,1877,1.0
87,7502,1.0
87,1669,0.0
87,3648,0.0
87,2469,0.0
87,5829,0.0
87,7321,
87,450,0.0
87,4971,
87,737,
87,994,1.0
87,1615,0.0
87,4317,0.0
87,2228,1.0
87,7128,0.0
87,7905,0.0
87,6381,1.0
87,3493,1.0
87,2738,
87,7114,1.0
87,6398,
87,3955,1.0
87,4875,0.0
87,4437,1.0
87,2013,1.0
87,79,0.0
87,9267,1.0
87,6527,1.0
87,2425,0.0
87,3740,
87,2193,0.0
87,9498,0.0
87,9414,
87,1425,1.0
87,9536,
87,491,
87,5959,1.0
87,3139,
87,4401,0.0
87,642,1.0
87,3591,0.0
87,5286,
87,8802,
87,4095,
87,9544,1.0
87,7309,1.0
87,9671,0.0
87,2172,0.0
87,4743,
87,2629,1.0
87,5067,0.0
87,1659,
87,2412,
87,8990,
87,1971,0.0
87,2087,0.0
87,1090,1.0
87,3421,1.0
87,169,1.0
87,3085,0.0
87,8200,1.0
87,833,0.0
87,8436,0.0
87,7809,
87,3404,
87,6726,1.0
87,3696,0.0
87,3596,1.0
87,2763,1.0
87,1129,1.0
87,2300,0.0
87,1466,
87,8758,1.0
88,3477,1.0
88,5785,1.0
88,904,
88,709,1.0
88,2951,0.0
88,4894,0.0
88,1059,1.0
88,3434,
88,5869,
88,499,
88,9417,1.0
88,8327,0.0
88,4936,1.0
88,6506,0.0
88,2933,
88,485,
88,7830,1.0
88,7725,1.0
88,6662,
88,5619,1.0
88,205,0.0
88,8483,
88,984,
88,4330,0.0
88,7016,
88,6966,1.0
88,6277,0.0
88,4383,1.0
88,2290,1.0
88,1935,
89,250,
89,641,
89,3659,
89,2321,1.0
89,4890,
89,7541,1.0
89,4834,1.0
89,350,
89,2244,0.0
89,9442,0.0
89,6597,
89,5773,1.0
89,8955,0.0
89,4820,0.0
89,202,
89,1803,
89,1433,1.0
89,5800,1.0
89,2084,0.0
89,6572,1.0
89,6615,0.0
89,5001,1.0
89,504,0.0
89,145,
89,3355,0.0
89,4321,0.0
89,4256,
89,1973,
89,1893,
89,5930,
89,6350,1.0
89,3870,0.0
89,6658,1.0
89,6862,1.0
89,65,1.0
89,7890,1.0
89,1269,0.0
89,2808,0.0
89,7963,1.0
89,6263,
89,8352,
89,3116,
89,1089,
89,5484,
89,1904,
89,7482,1.0
89,1323,0.0
89,9215,1.0
89,8877,
89,8094,
89,7719,1.0
89,4624,1.0
89,6446,1.0
89,5716,1.0
89,4881,1.0
89,7202,
89,1865,1.0
89,2869,1.0
89,7086,
89,7745,0.0
89,9783,0.0
89,4133,
89,8470,1.0
89,10,0.0
89,5198,1.0
89,3849,0.0
89,1284,0.0
89,8696,1.0
89,3343,1.0
89,7866,
89,508,0.0
89,4105,1.0
89,6083,0.0
89,7098,
89,1729,0.0
89,8700,
89,9871,0.0
89,6294,
89,1923,
90,523,1.0
90,5035,
90,8757,
90,9854,0.0
90,9605,1.0
90,5386,
90,2439,0.0
90,4689,
90,665,
90,6361,1.0
90,7214,1.0
90,6479,1.0
90,5125,0.0
90,8632,0.0
90,982,0.0
90,349,
90,8931,1.0
90,4755,0.0
90,1360,0.0
90,8914,0.0
90,5338,1.0
90,5932,1.0
90,1109,
90,259,1.0
90,3239,
90,910,0.0
90,2202,0.0
90,729,
90,1918,1.0
90,8715,1.0
90,2214,
90,9529,0.0
90,2303,0.0
90,1424,1.0
90,9233,0.0
90,540,0.0
90,4667,0.0
90,1560,
90,1690,1.0
90,9220,1.0
90,2309,0.0
90,4521,1.0
90,7092,
90,7125,1.0
90,1760,0.0
90,8107,
90,4807,1.0
90,7244,
90,6533,0.0
90,9448,
90,6156,
90,5711,
90,448,
90,4356,1.0
90,5947,0.0
90,7242,1.0
90,3177,1.0
90,4082,0.0
90,2151,0.0
90,4501,1.0
90,6282,
90,4291,1.0
90,5950,
90,7417,0.0
90,971,1.0
90,8349,0.0
90,4059,1.0
90,117,1.0
90,6659,0.0
90,5182,1.0
91,433,1.0
91,6093,
91,3685,0.0
91,3026,1.0
91,7318,1.0
91,8997,
91,6181,
91,6555,0.0
91,7275,1.0
91,568,
91,887,
91,7895,1.0
91,4976,1.0
91,2292,
91,5218,1.0
91,5802,0.0
91,7420,0.0
91,5033,1.0
91,7833,0.0
91,2616,0.0
91,1491,
91,5260,1.0
91,870,1.0
91,4168,0.0
91,6813,1.0
91,8402,
91,6710,
91,5489,1.0
91,4486,0.0
91,6161,0.0
91,2871,0.0
91,3143,0.0
91,8625,0.0
91,7735,0.0
91,5415,
91,4361,
91,9358,
91,7151,
91,7766,
91,7550,0.0
91,9098,
91,7601,1.0
91,2607,1.0
91,1679,0.0
91,9395,0.0
91,9768,
91,6160,
91,5168,
91,9616,
91,989,
91,8447,0.0
91,3981,1.0
91,9441,1.0
91,436,
91,6322,
91,5955,0.0
91,81,1.0
91,3277,1.0
91,9673,
91,4991,1.0
91,3607,1.0
91,8469,
91,7779,0.0
91,7946,1.0
91,813,0.0
91,6727,
91,9094,1.0
91,5724,1.0
92,890,
92,3141,0.0
92,7085,1.0
92,8665,
92,9121,1.0
92,8986,1.0
92,9402,0.0
92,1479,
92,4193,
92,4230,0.0
92,2851,0.0
92,3487,
92,1966,1.0
92,4658,
92,7477,
92,3680,0.0
92,360,
92,9827,0.0
92,8179,0.0
92,3446,0.0
92,804,
92,475,0.0
92,5097,0.0
92,1635,0.0
92,7829,1.0
92,4592,1.0
92,9400,0.0
92,4769,0.0
92,7903,1.0
92,7534,0.0
92,8085,1.0
92,6532,0.0
92,2497,1.0
92,3687,
92,3733,
92,498,0.0
92,9101,0.0
92,130,0.0
92,5544,0.0
92,5598,1.0
92,6998,0.0
92,2063,
92,7096,1.0
92,6122,0.0
92,1400,1.0
92,6511,0.0
92,9504,
92,2167,
92,462,
92,1876,0.0
92,9155,
92,5015,
92,2127,0.0
92,6423,1.0
92,5354,0.0
92,3192,1.0
92,1437,1.0
92,8079,1.0
92,7602,1.0
92,8116,1.0
92,2329,
92,1671,1.0
92,1386,1.0
92,2163,
92,5665,1.0
92,1224,1.0
92,7042,0.0
92,9630,0.0
92,1588,1.0
92,445,
92,5147,1.0
92,4944,
92,941,0.0
92,5357,
93,9994,1.0
93,4669,0.0
93,1333,
93,8468,
93,3495,1.0
93,1693,0.0
93,1288,0.0
93,9509,
93,6028,1.0
93,8869,0.0
93,6214,0.0
93,6168,
93,5560,0.0
93,5540,0.0
93,1790,1.0
93,6434,
93,6835,1.0
93,4909,0.0
93,4802,0.0
93,1134,0.0
93,3044,1.0
93,5220,0.0
93,5469,
93,2286,1.0
93,5212,1.0
93,7929,0.0
93,8798,1.0
93,2719,
93,1543,0.0
93,6257,1.0
93,9625,1.0
93,5104,
93,1135,
93,3889,
93,4948,
93,3369,0.0
93,5762,
93,9796,1.0
93,1080,
93,2599,1.0
93,2605,
93,1143,0.0
93,3664,0.0
93,4749,
93,987,1.0
93,5316,
93,7257,
93,5678,1.0
93,3502,
93,840,
93,6435,0.0
93,102,1.0
93,2141,1.0
93,1494,
93,3186,1.0
93,3460,0.0
93,4306,1.0
93,9840,0.0
93,2005,
93,7193,1.0
93,7721,0.0
93,1841,0.0
93,3738,0.0
93,8553,
93,5789,1.0
93,3605,0.0
93,6855,1.0
93,5705,1.0
94,7082,0.0
94,4116,1.0
94,2438,
94,1427,0.0
94,5790,
94,2307,1.0
94,7232,
94,9415,0.0
94,3931,1.0
94,2646,
94,9547,1.0
94,3433,1.0
94,8659,1.0
94,4907,
94,7746,1.0
94,7784,0.0
94,961,1.0
94,7218,0.0
94,1471,1.0
94,7162,0.0
94,401,
94,6689,0.0
94,5471,
94,1413,1.0
94,5837,1.0
94,1485,
94,1566,1.0
94,6483,
94,571,1.0
94,9007,
94,5974,1.0
94,2687,
94,2217,
94,5990,0.0
94,2902,0.0
94,9945,1.0
94,4170,0.0
94,5679,1.0
94,756,1.0
94,9526,1.0
94,6822,0.0
94,7783,0.0
94,8361,
94,3783,1.0
94,7213,
94,9891,1.0
94,8827,
94,6170,0.0
94,4460,1.0
94,2809,
94,228,
94,7342,0.0
94,4751,
94,2188,1.0
94,6600,1.0
94,4188,1.0
94,8755,1.0
94,1439,0.0
94,1595,
94,4004,0.0
94,4596,1.0
94,997,
94,7676,1.0
94,1285,1.0
94,6385,1.0
94,4955,1.0
94,674,
94,8180,0.0
94,7435,1.0
94,7614,1.0
94,8129,0.0
94,1851,1.0
94,7311,
94,1487,
94,3862,
94,6510,1.0
94,9249,
94,9531,0.0
94,8982,0.0
94,4213,1.0
94,7124,1.0
94,1609,1.0
94,936,
94,1697,
94,5449,0.0
94,268,
94,4572,0.0
94,3435,
94,4867,1.0
94,2840,0.0
95,46,0.0
95,6610,0.0
95,4103,1.0
95,3111,0.0
95,232,
95,9748,0.0
95,7442,0.0
95,2984,
95,8261,0.0
95,471,0.0
95,1753,0.0
95,8194,
95,2200,0.0
95,5277,1.0
95,7935,1.0
95,5237,1.0
95,9487,0.0
95,2485,
95,2694,
95,6164,0.0
95,2249,0.0
95,6029,1.0
95,6528,1.0
95,6037,0.0
95,6526,0.0
95,7091,1.0
95,6989,0.0
95,7538,0.0
95,7951,0.0
95,4569,
95,7356,1.0
95,7184,1.0
95,5131,1.0
95,3329,1.0
95,7154,0.0
95,2580,0.0
95,3117,1.0
95,3168,1.0
95,2730,1.0
95,3624,1.0
95,9254,0.0
95,2716,1.0
95,4649,1.0
95,9304,0.0
95,7879,0.0
95,1169,
95,9355,
95,4085,
95,5981,0.0
95,538,1.0
95,3268,0.0
95,7054,1.0
95,9424,
95,992,0.0
95,8554,0.0
95,6023,
95,4019,1.0
95,5196,1.0
95,4554,1.0
95,8882,
95,2347,1.0
95,2213,0.0
96,1065,
96,8234,
96,3868,1.0
96,353,1.0
96,600,1.0
96,624,
96,4722,
96,4463,
96,9843,1.0
96,2553,
96,6967,1.0
96,8066,
96,5101,0.0
96,6650,1.0
96,2039,1.0
96,1408,
96,1367,1.0
96,1223,
96,9739,
96,9837,0.0
96,1959,
96,9515,0.0
96,3227,0.0
96,3567,1.0
96,5200,
96,2521,
96,9830,1.0
96,5813,
96,7208,0.0
96,5695,1.0
96,6521,1.0
96,7737,
96,8783,
96,573,0.0
96,1085,
96,2998,1.0
96,3489,1.0
96,4090,
96,2693,0.0
96,5796,
96,3098,
96,2873,
96,7038,
96,5554,
96,9930,
96,8100,1.0
96,5717,0.0
96,7561,1.0
96,5044,
96,5615,
96,943,
96,8559,0.0
96,6464,0.0
96,2031,
96,8661,1.0
96,5318,
96,6580,1.0
96,3202,0.0
96,6006,
96,9114,
96,5244,
96,2298,0.0
96,1454,
96,7802,1.0
96,19,
96,7867,1.0
96,2556,
96,6392,1.0
96,1797,1.0
96,7397,
96,562,0.0
96,2569,1.0
96,276,1.0
96,5506,0.0
96,866,1.0
96,7253,
96,8438,1.0
96,8681,
96,9270,0.0
96,1444,
96,20,
96,1226,
96,2508,0.0
96,7345,
96,4799,1.0
96,8279,0.0
96,1436,
96,8714,
96,3812,
96,2996,1.0
96,6178,0.0
97,616,0.0
97,6022,0.0
97,3378,1.0
97,9255,0.0
97,9011,1.0
97,3368,
97,6804,0.0
97,3410,0.0
97,5997,0.0
97,6185,1.0
97,3283,0.0
97,5533,0.0
97,3775,0.0
97,5042,0.0
97,4353,
97,1571,
97,2709,1.0
97,7976,
97,5786,0.0
97,7012,0.0
97,6267,1.0
97,4978,0.0
97,3927,0.0
97,2385,1.0
97,8053,
97,6348,0.0
97,4653,
97,2337,1.0
97,5706,
97,8815,1.0
97,5088,
97,6194,1.0
97,8395,0.0
97,4033,
97,6027,1.0
97,6542,
97,1277,0.0
97,1859,
97,4251,0.0
97,9984,1.0
97,8164,
97,7100,0.0
97,5946,0.0
97,5739,
97,1296,
97,7827,1.0
97,1592,
97,4706,
97,2054,1.0
97,2897,
97,3151,1.0
97,3959,1.0
97,7120,
97,2181,0.0
97,9437,0.0
97,3979,
97,2750,
97,3838,
97,5646,
97,778,1.0
97,3760,
97,3427,0.0
97,5160,0.0
97,9512,
97,5901,1.0
97,6496,0.0
97,6218,0.0
97,9809,1.0
97,558,
97,2676,1.0
97,5529,0.0
97,2783,
97,7332,
97,7648,
97,7011,0.0
97,1866,1.0
97,1036,1.0
97,1927,
97,867,
97,5007,0.0
97,8924,
97,5150,0.0
97,9166,0.0
97,2431,1.0
98,4010,
98,7990,
98,2274,0.0
98,9542,1.0
98,5052,1.0
98,2769,1.0
98,8380,0.0
98,3672,0.0
98,5163,1.0
98,6897,
98,399,0.0
98,7481,1.0
98,5553,1.0
98,133,1.0
98,5884,
98,1909,0.0
98,7616,1.0
98,6085,
98,2353,0.0
98,8860,
98,9718,
98,9639,0.0
98,5455,0.0
98,8927,1.0
98,9177,
98,1798,0.0
98,9242,0.0
98,6604,0.0
98,6228,
98,6925,1.0
98,5623,0.0
98,2636,1.0
98,5103,1.0
98,9061,
98,4910,1.0
98,570,0.0
98,6454,1.0
98,6212,0.0
98,6046,
98,2825,1.0
98,2076,
98,7847,
98,4500,1.0
98,2389,
98,8611,
98,2464,1.0
98,9858,
99,1167,1.0
99,687,0.0
99,6882,
99,1740,1.0
99,9848,1.0
99,9819,1.0
99,3756,1.0
99,2703,
99,4178,
99,8138,
99,9278,1.0
99,4821,
99,9245,
99,6246,0.0
99,3250,1.0
99,2197,0.0
99,6765,
99,718,1.0
99,3619,1.0
99,5010,
99,9403,
99,7822,
99,8320,0.0
99,9287,1.0
99,3267,0.0
99,1929,
99,8601,1.0
99,4314,
99,1649,
99,4176,1.0
99,6104,0.0
99,7975,1.0
99,7667,
99,6900,1.0
99,7138,1.0
99,184,1.0
99,3518,0.0
99,7621,1.0
99,3749,1.0
99,1376,0.0
99,7081,
99,2007,1.0
99,4586,0.0
99,8485,
99,560,1.0
100,8417,1.0
100,7083,0.0
100,5589,0.0
100,7941,0.0
100,3623,0.0
100,3545,1.0
100,5330,
100,8719,1.0
100,8189,
100,9797,
100,1530,0.0
100,7581,
100,2218,0.0
100,2363,
100,7209,
100,1203,
100,4440,
100,3008,
100,8359,0.0
100,4015,1.0
100,9183,1.0
100,7629,1.0
100,7072,
100,8144,0.0
100,2790,1.0
101,5858,0.0
101,6769,
101,3120,0.0
101,6991,0.0
101,1881,1.0
101,2444,
101,5975,0.0
101,6042,1.0
101,1202,
101,5728,0.0
101,4392,0.0
101,3614,1.0
101,4008,
101,4882,0.0
101,1201,0.0
101,8940,1.0
101,3444,0.0
101,4628,0.0
101,8918,0.0
101,4102,1.0
101,2477,1.0
101,9656,0.0
101,4461,0.0
101,9839,0.0
101,6633,
101,7063,1.0
101,3479,0.0
101,1057,0.0
101,7793,0.0
101,6861,
101,604,
101,8425,1.0
101,298,0.0
101,7997,1.0
101,2619,
101,6766,
101,6930,1.0
101,5603,
101,5223,1.0
101,9231,1.0
101,3924,1.0
101,1967,1.0
101,5472,0.0
101,3932,1.0
101,1431,0.0
101,5610,0.0
101,8165,1.0
101,6045,1.0
101,7559,1.0
101,7216,1.0
101,3895,
101,4793,1.0
101,3034,0.0
102,9023,1.0
102,2490,1.0
102,7848,1.0
102,4347,
102,7148,
102,280,1.0
102,2520,1.0
102,8286,
102,9171,
102,3183,
102,3991,0.0
102,5521,
102,7865,
102,3400,0.0
102,5949,0.0
102,9731,1.0
102,777,
102,7636,1.0
102,7027,
102,1998,0.0
102,1325,
102,5583,1.0
102,835,1.0
102,6425,0.0
102,4039,1.0
102,4546,1.0
102,7172,
102,3384,
102,1900,0.0
102,4682,0.0
102,6514,0.0
102,5774,1.0
102,2373,0.0
102,8451,
102,2284,0.0
102,9026,1.0
102,2837,
102,8830,1.0
102,4444,
102,1373,1.0
102,8550,0.0
102,1585,1.0
102,5578,
102,3076,1.0
102,6422,1.0
102,5746,0.0
102,160,0.0
102,1625,
102,191,1.0
102,9566,1.0
102,1001,0.0
102,4993,0.0
102,2052,0.0
102,4455,
102,1297,0.0
102,3787,0.0
102,8276,0.0
102,9738,1.0
102,8021,1.0
102,6758,
102,4429,0.0
102,1038,
102,1204,
102,673,0.0
102,5585,0.0
102,83,
102,3101,
102,2518,0.0
102,2993,
102,9967,0.0
102,2711,
103,6338,
103,4131,1.0
103,2610,1.0
103,7088,1.0
103,9933,1.0
103,1947,
103,5239,
103,8256,0.0
103,2728,1.0
103,405,1.0
103,2356,0.0
103,7703,
103,7262,0.0
103,8310,1.0
103,3675,0.0
103,8861,1.0
103,4937,1.0
103,4674,0.0
103,7662,1.0
103,6598,1.0
103,7037,0.0
103,3574,
103,5537,
103,9010,1.0
103,9539,1.0
103,9289,0.0
103,8822,0.0
103,2966,0.0
103,8748,
103,1254,0.0
103,5324,1.0
103,1742,
103,8219,0.0
103,5581,1.0
103,1248,1.0
103,6670,1.0
103,9587,1.0
103,5608,1.0
103,8888,
103,7256,0.0
103,4880,1.0
103,8795,1.0
103,2821,
103,520,0.0
103,525,0.0
103,6536,0.0
103,5060,0.0
103,6359,1.0
103,3821,1.0
103,9100,0.0
103,2386,1.0
103,7343,0.0
103,8026,
103,8777,
103,1301,
103,4644,
103,4601,
103,5914,1.0
103,6515,
103,1028,0.0
103,4878,
103,5883,
103,532,
103,7058,
103,537,0.0
103,9949,
103,3517,0.0
103,9661,
103,6837,0.0
103,8176,
103,1481,0.0
104,2986,1.0
104,6817,1.0
104,688,0.0
104,7150,
104,2382,1.0
104,282,1.0
104,1114,1.0
104,4730,0.0
104,1420,1.0
104,7908,
104,3714,1.0
104,77,1.0
104,1305,
104,7163,
104,9070,0.0
104,1816,
104,6346,1.0
104,7624,0.0
104,173,0.0
104,8237,1.0
104,1969,0.0
104,8242,1.0
104,142,1.0
104,6196,0.0
104,4510,1.0
104,5090,0.0
104,5290,
104,5215,
104,1901,1.0
104,8922,
104,7836,
104,2416,0.0
104,6284,
104,1488,
104,8314,
104,4122,
104,9667,1.0
104,6321,0.0
104,6175,1.0
104,695,
104,1462,0.0
104,9868,0.0
104,6051,1.0
104,8351,0.0
104,4143,1.0
104,808,
104,8263,
104,6732,1.0
104,8214,1.0
104,3634,1.0
104,2009,
104,6112,
104,7633,
104,9990,
104,1155,
104,9921,0.0
104,2659,
104,2314,0.0
104,1164,1.0
104,9793,1.0
104,8507,
104,9864,1.0
104,2816,1.0
104,347,1.0
104,171,
104,3269,1.0
104,2781,
104,965,1.0
104,6894,0.0
104,5512,
104,3310,
104,9367,
105,1944,0.0
105,9116,
105,1432,0.0
105,6757,
105,8343,0.0
105,8983,0.0
105,8453,0.0
105,6914,1.0
105,470,1.0
105,3391,1.0
105,9411,1.0
105,949,0.0
105,854,0.0
105,9039,1.0
105,1330,1.0
105,4696,1.0
105,5696,1.0
105,4715,1.0
105,1023,
105,3171,1.0
105,9369,1.0
105,7130,1.0
105,5573,1.0
105,8548,1.0
105,6877,1.0
105,2256,
105,8039,1.0
105,5228,1.0
105,51,1.0
105,8350,0.0
105,3958,0.0
105,2094,
105,6183,0.0
105,7475,
105,5680,
105,3633,
105,9973,
105,5437,0.0
105,1526,
105,2137,1.0
105,8969,
105,1538,
105,5393,1.0
105,5550,1.0
105,3100,0.0
105,6545,0.0
105,4191,1.0
105,44,
105,8414,1.0
105,3127,0.0
105,194,0.0
105,2319,
105,4562,0.0
105,5587,0.0
105,5474,0.0
105,629,
105,954,1.0
105,7419,1.0
105,6880,
105,3721,1.0
105,9870,1.0
105,5496,0.0
105,1095,
105,6412,
105,6760,0.0
105,6867,
105,8403,
105,2224,0.0
105,5510,
105,3863,
105,3039,1.0
105,3609,1.0
105,4477,0.0
105,2647,
105,1027,1.0
105,304,0.0
105,8891,0.0
105,8574,0.0
105,8441,
105,6987,0.0
105,3138,0.0
105,6343,
105,8120,
105,1804,0.0
105,5983,
105,7526,
105,4582,0.0
105,529,1.0
105,76,
105,8266,1.0
105,1546,1.0
105,2057,
105,294,
105,2030,0.0
105,5811,0.0
105,5569,
106,5027,
106,5934,1.0
106,3590,
106,2845,1.0
106,4030,1.0
106,5430,0.0
106,6616,0.0
106,7673,1.0
106,6799,1.0
106,5380,0.0
106,4589,0.0
106,5958,
106,1520,1.0
106,9649,
106,9814,0.0
106,6069,1.0
106,1291,0.0
106,1734,0.0
106,387,1.0
106,6476,0.0
106,6481,1.0
106,4185,1.0
106,5121,1.0
106,4186,1.0
106,5256,1.0
106,6887,1.0
106,5644,
106,2696,1.0
106,7589,0.0
106,7352,1.0
106,7389,
106,2903,
106,4197,0.0
106,4395,1.0
106,7712,0.0
106,465,1.0
106,5003,0.0
106,685,
106,3950,1.0
106,2811,0.0
106,4043,0.0
106,4789,1.0
106,852,0.0
106,7133,0.0
106,9893,1.0
106,9124,0.0
106,6057,1.0
106,3825,0.0
106,3538,1.0
106,7203,
106,8235,0.0
106,4217,1.0
106,5230,0.0
106,8606,
106,9513,
106,2306,
106,5755,0.0
106,5792,1.0
106,494,1.0
106,1965,1.0
106,3016,1.0
106,999,
106,1897,0.0
106,9016,0.0
106,9912,1.0
106,2158,1.0
106,3669,1.0
106,2982,1.0
106,9815,0.0
106,4406,
106,4156,1.0
106,3040,1.0
106,8515,1.0
106,455,0.0
106,7546,1.0
106,8702,
106,5014,
106,1356,0.0
106,651,1.0
106,1489,1.0
106,7826,
106,1410,0.0
106,3215,1.0
106,3725,
106,8948,1.0
106,3224,0.0
106,3021,
106,8824,0.0
106,6841,
106,6133,
106,6641,
107,6956,1.0
107,6890,0.0
107,2512,
107,7041,0.0
107,4007,
107,4164,
107,9317,1.0
107,8119,1.0
107,5450,1.0
107,9219,0.0
107,4933,0.0
107,6795,
107,7823,0.0
107,8167,0.0
107,6278,
107,2411,
107,6790,
107,8887,1.0
107,6345,1.0
107,6761,0.0
107,5332,1.0
107,7933,0.0
107,2160,
107,5636,1.0
107,1558,0.0
107,7335,1.0
107,392,1.0
107,4868,0.0
107,1443,
107,1083,0.0
107,229,0.0
107,2154,
107,7563,0.0
107,5255,
107,7000,0.0
107,609,0.0
107,7852,1.0
107,4756,0.0
107,9413,
107,1035,1.0
