meetingID,startTime,endTime
0,13:15,14:15
1,9:45,12:45
2,11:45,13:45
3,10:00,11:00
4,15:00,17:00
5,9:00,11:00
6,11:30,14:30
7,8:15,9:15
8,11:15,12:15
9,14:30,16:30
10,10:45,12:45
11,17:00,18:00
12,11:45,12:45
13,14:45,17:45
14,14:45,17:45
15,14:00,15:00
16,10:15,12:15
17,17:00,18:00
18,17:30,20:30
19,8:00,9:00
20,17:00,18:00
21,9:30,11:30
22,15:00,17:00
23,15:00,16:00
24,9:30,12:30
25,11:30,13:30
26,8:30,11:30
27,17:30,18:30
28,11:00,12:00
29,10:15,13:15
30,13:00,14:00
31,17:00,20:00
32,16:45,19:45
33,11:00,12:00
34,9:45,12:45
35,13:15,16:15
36,8:15,10:15
37,11:00,12:00
38,14:30,15:30
39,16:30,18:30
40,10:45,11:45
41,9:45,11:45
42,14:00,17:00
43,8:00,10:00
44,14:30,16:30
45,12:30,13:30
46,8:30,11:30
47,15:45,16:45
48,8:30,10:30
49,9:30,10:30
50,10:00,13:00
51,11:15,12:15
52,11:45,14:45
53,17:15,19:15
54,17:00,20:00
55,13:30,16:30
56,12:15,13:15
57,16:15,18:15
58,17:15,18:15
59,16:00,19:00
60,15:15,17:15
61,8:30,9:30
62,8:45,9:45
63,12:30,14:30
64,9:30,10:30
65,17:00,18:00
66,11:15,13:15
67,16:30,19:30
68,9:30,10:30
69,9:45,12:45
70,8:30,10:30
71,17:30,19:30
72,16:15,17:15
73,10:15,12:15
74,11:15,12:15
75,13:30,16:30
76,15:30,18:30
77,17:45,20:45
78,17:45,18:45
79,12:00,14:00
80,11:30,12:30
81,10:00,11:00
82,8:00,11:00
83,15:30,16:30
84,12:00,14:00
85,12:30,14:30
86,11:45,13:45
87,8:45,11:45
88,14:30,16:30
89,15:00,18:00
90,9:00,12:00
91,8:15,9:15
92,15:00,18:00
93,17:30,20:30
94,15:15,17:15
95,9:30,12:30
96,17:00,20:00
97,11:00,13:00
98,9:00,10:00
99,8:45,10:45
100,17:30,20:30
101,8:00,10:00
102,12:30,14:30
103,14:30,16:30
104,17:30,18:30
105,17:15,18:15
106,11:30,13:30
107,14:15,17:15
108,17:30,20:30
109,13:45,15:45
110,16:30,19:30
111,14:00,17:00
112,11:00,13:00
113,11:00,12:00
114,14:15,15:15
115,17:30,18:30
116,10:15,13:15
117,17:45,18:45
118,14:45,15:45
119,13:15,16:15
120,14:30,17:30
121,9:30,11:30
122,10:00,12:00
123,16:15,19:15
124,17:00,18:00
125,10:00,13:00
126,9:15,10:15
127,12:45,14:45
128,8:00,9:00
129,15:15,16:15
130,14:30,16:30
131,8:45,9:45
132,17:45,19:45
133,8:45,9:45
134,10:00,12:00
135,15:00,18:00
136,8:00,9:00
137,9:00,10:00
138,11:45,12:45
139,9:45,10:45
140,11:30,13:30
141,14:00,16:00
142,13:45,16:45
143,12:45,13:45
144,14:15,15:15
145,17:45,20:45
146,11:45,13:45
147,9:45,12:45
148,16:15,18:15
149,16:15,17:15
150,15:30,17:30
151,8:15,10:15
152,13:30,14:30
153,8:45,11:45
154,13:45,16:45
155,16:00,18:00
156,14:15,16:15
157,16:45,19:45
158,11:45,14:45
159,15:30,16:30
160,17:15,20:15
161,11:00,13:00
162,12:45,14:45
163,17:45,20:45
164,15:45,17:45
165,13:00,16:00
166,12:45,15:45
167,17:00,20:00
168,11:15,14:15
169,9:15,12:15
170,9:15,11:15
171,8:45,10:45
172,9:00,11:00
173,17:45,19:45
174,9:00,10:00
175,10:00,13:00
176,17:45,19:45
177,15:30,18:30
178,9:30,11:30
179,11:30,12:30
180,12:30,14:30
181,17:30,20:30
182,16:00,17:00
183,16:00,19:00
184,11:00,12:00
185,9:15,12:15
186,16:15,19:15
187,15:30,18:30
188,8:45,10:45
189,11:00,14:00
190,17:30,19:30
191,13:30,14:30
192,16:45,17:45
193,15:30,16:30
194,14:00,17:00
195,9:15,12:15
196,17:30,18:30
197,10:45,12:45
198,15:00,16:00
199,15:00,18:00
200,17:45,18:45
201,17:00,19:00
202,15:45,16:45
203,12:45,15:45
204,15:15,18:15
205,12:30,14:30
206,17:30,18:30
207,12:30,13:30
208,9:30,12:30
209,8:15,11:15
210,14:30,15:30
211,12:30,14:30
212,11:30,13:30
213,8:15,11:15
214,8:30,11:30
215,15:45,17:45
216,16:45,19:45
217,11:30,14:30
218,10:45,12:45
219,13:00,15:00
220,10:00,11:00
221,12:15,13:15
222,15:00,18:00
223,16:30,18:30
224,9:15,10:15
225,13:00,16:00
226,12:30,14:30
227,17:30,20:30
228,16:00,17:00
229,17:00,20:00
230,16:15,18:15
231,15:15,18:15
232,14:30,17:30
233,15:00,17:00
234,15:00,16:00
235,9:30,11:30
236,16:00,18:00
237,15:00,17:00
238,8:15,10:15
239,17:45,18:45
240,8:30,11:30
241,15:00,18:00
242,16:45,19:45
243,9:15,12:15
244,13:15,15:15
245,15:00,17:00
246,14:30,15:30
247,10:15,11:15
248,14:30,16:30
249,15:15,16:15
250,14:45,17:45
251,13:00,16:00
252,8:00,10:00
253,8:00,9:00
254,14:00,16:00
255,16:45,17:45
256,13:15,14:15
257,10:00,12:00
258,15:45,16:45
259,17:30,19:30
260,16:00,17:00
261,16:30,18:30
262,16:30,17:30
263,15:15,16:15
264,17:45,20:45
265,15:30,18:30
266,15:15,17:15
267,15:15,17:15
268,11:00,12:00
269,8:15,9:15
270,17:00,19:00
271,10:30,13:30
272,14:45,17:45
273,15:30,16:30
274,12:45,14:45
275,9:15,12:15
276,14:45,16:45
277,11:30,14:30
278,10:00,11:00
279,10:15,12:15
280,14:15,15:15
281,17:30,20:30
282,15:00,16:00
283,15:15,16:15
284,15:30,18:30
285,15:00,16:00
286,17:30,18:30
287,17:00,19:00
288,14:30,17:30
289,14:30,16:30
290,10:30,11:30
291,17:00,19:00
292,10:15,13:15
293,17:30,18:30
294,14:45,16:45
295,9:15,12:15
296,17:30,18:30
297,9:15,12:15
298,17:45,19:45
299,11:45,12:45
300,14:00,16:00
301,13:30,16:30
302,14:00,16:00
303,12:15,15:15
304,15:45,16:45
305,10:30,12:30
306,13:30,16:30
307,10:00,13:00
308,17:30,18:30
309,8:45,9:45
310,16:00,19:00
311,10:00,12:00
312,16:30,19:30
313,9:45,11:45
314,12:15,14:15
315,10:30,11:30
316,14:00,16:00
317,12:45,13:45
318,13:15,15:15
319,10:15,11:15
320,13:15,16:15
321,12:45,15:45
322,11:30,12:30
323,9:15,11:15
324,14:15,16:15
325,9:30,12:30
326,16:45,17:45
327,8:45,11:45
328,15:15,18:15
329,15:45,16:45
330,14:15,16:15
331,13:45,14:45
332,17:00,18:00
333,11:00,14:00
334,9:15,12:15
335,13:45,14:45
336,13:30,16:30
337,16:15,17:15
338,14:00,17:00
339,8:00,9:00
340,13:30,15:30
341,8:00,11:00
342,13:30,15:30
343,9:30,10:30
344,9:00,11:00
345,10:00,13:00
346,13:45,15:45
347,12:30,15:30
348,15:30,16:30
349,9:45,10:45
350,9:30,11:30
351,16:30,19:30
352,13:45,15:45
353,10:00,11:00
354,13:15,15:15
355,11:15,13:15
356,8:15,9:15
357,15:45,17:45
358,14:00,16:00
359,17:15,19:15
360,13:00,15:00
361,8:45,11:45
362,10:30,12:30
363,12:45,15:45
364,13:45,16:45
365,9:30,10:30
366,11:00,14:00
367,12:15,13:15
368,13:15,16:15
369,11:15,12:15
370,16:45,18:45
371,12:15,15:15
372,16:00,17:00
373,9:45,11:45
374,13:00,15:00
375,16:30,19:30
376,10:45,12:45
377,15:00,17:00
378,12:15,13:15
379,11:00,13:00
380,16:15,17:15
381,9:30,12:30
382,10:45,12:45
383,15:00,17:00
384,8:45,11:45
385,8:45,11:45
386,9:00,10:00
387,9:30,11:30
388,11:45,14:45
389,14:15,16:15
390,10:30,11:30
391,8:45,11:45
392,12:30,13:30
393,13:45,16:45
394,13:15,16:15
395,11:15,13:15
396,8:15,9:15
397,15:30,17:30
398,10:45,11:45
399,15:30,16:30
400,17:30,19:30
401,15:30,16:30
402,15:30,18:30
403,15:00,18:00
404,14:30,16:30
405,16:45,18:45
406,9:15,12:15
407,11:30,13:30
408,12:15,14:15
409,15:30,16:30
410,16:30,18:30
411,17:00,20:00
412,9:45,10:45
413,16:45,18:45
414,15:45,16:45
415,14:15,17:15
416,9:30,10:30
417,13:15,15:15
418,12:15,13:15
419,15:30,16:30
420,12:00,15:00
421,17:45,19:45
422,17:15,20:15
423,15:00,16:00
424,10:00,11:00
425,8:45,9:45
426,8:30,9:30
427,11:00,12:00
428,16:30,19:30
429,17:30,20:30
430,15:15,16:15
431,17:00,19:00
432,17:00,20:00
433,10:00,13:00
434,12:45,15:45
435,10:45,13:45
436,17:15,19:15
437,10:15,11:15
438,17:00,19:00
439,15:15,17:15
440,10:30,11:30
441,15:30,18:30
442,17:30,18:30
443,10:45,12:45
444,16:00,18:00
445,14:00,15:00
446,10:30,11:30
447,15:15,17:15
448,17:15,18:15
449,11:30,12:30
450,8:45,10:45
451,16:15,17:15
452,9:30,10:30
453,15:30,18:30
454,15:00,16:00
455,13:45,14:45
456,9:30,11:30
457,8:45,10:45
458,16:30,18:30
459,10:15,12:15
460,11:15,13:15
461,15:45,16:45
462,8:30,10:30
463,8:15,10:15
464,13:15,15:15
465,10:15,11:15
466,13:45,14:45
467,17:30,19:30
468,14:30,17:30
469,11:45,14:45
470,9:30,10:30
471,15:00,17:00
472,16:15,17:15
473,13:45,16:45
474,8:30,11:30
475,17:30,19:30
476,16:30,19:30
477,17:30,18:30
478,16:45,17:45
479,14:30,15:30
480,8:45,9:45
481,15:45,16:45
482,8:45,10:45
483,15:30,18:30
484,13:00,14:00
485,14:30,16:30
486,17:45,20:45
487,9:30,10:30
488,15:45,17:45
489,10:15,11:15
490,9:45,11:45
491,16:30,17:30
492,9:15,11:15
493,15:45,17:45
494,17:15,19:15
495,17:15,19:15
496,16:45,19:45
497,11:30,13:30
498,13:00,16:00
499,11:30,14:30
500,8:45,10:45
501,13:15,16:15
502,14:15,15:15
503,15:30,16:30
504,12:15,14:15
505,12:00,13:00
506,15:45,18:45
507,10:15,13:15
508,16:30,17:30
509,11:15,14:15
510,14:30,16:30
511,16:45,19:45
512,16:00,18:00
513,11:30,14:30
514,15:00,18:00
515,17:45,18:45
516,16:45,18:45
517,17:30,20:30
518,9:00,11:00
519,12:15,15:15
520,12:00,15:00
521,13:15,14:15
522,10:15,12:15
523,15:15,17:15
524,14:15,17:15
525,17:30,20:30
526,8:30,10:30
527,17:30,18:30
528,12:15,13:15
529,14:15,16:15
530,10:30,13:30
531,8:15,11:15
532,10:45,11:45
533,15:45,17:45
534,15:45,17:45
535,13:00,15:00
536,17:00,18:00
537,17:00,20:00
538,15:15,16:15
539,16:15,18:15
540,15:00,18:00
541,16:30,17:30
542,10:45,12:45
543,13:30,14:30
544,12:00,14:00
545,16:15,18:15
546,17:45,20:45
547,12:15,13:15
548,9:45,12:45
549,15:30,17:30
550,16:30,18:30
551,13:30,15:30
552,9:00,12:00
553,15:15,16:15
554,17:00,18:00
555,10:30,13:30
556,12:15,13:15
557,13:15,15:15
558,10:15,13:15
559,13:00,14:00
560,13:00,16:00
561,11:00,12:00
562,16:15,18:15
563,12:00,15:00
564,8:00,11:00
565,12:30,15:30
566,16:00,18:00
567,15:45,16:45
568,16:45,18:45
569,16:15,18:15
570,16:15,19:15
571,16:30,19:30
572,17:45,18:45
573,12:00,14:00
574,17:00,19:00
575,10:15,13:15
576,11:45,14:45
577,9:00,11:00
578,12:15,14:15
579,17:45,20:45
580,11:30,14:30
581,11:15,13:15
582,10:00,13:00
583,8:00,11:00
584,11:30,13:30
585,10:00,12:00
586,15:00,18:00
587,8:45,10:45
588,16:45,18:45
589,10:00,13:00
590,17:15,20:15
591,12:00,15:00
592,15:45,18:45
593,14:45,15:45
594,16:15,19:15
595,14:30,16:30
596,8:00,9:00
597,13:30,15:30
598,17:15,19:15
599,14:30,17:30
600,12:30,13:30
601,10:00,12:00
602,11:45,12:45
603,16:15,19:15
604,8:00,11:00
605,15:30,18:30
606,10:30,13:30
607,8:30,11:30
608,10:45,12:45
609,13:45,15:45
610,12:30,15:30
611,14:30,15:30
612,8:45,9:45
613,15:15,18:15
614,14:15,17:15
615,14:15,17:15
616,10:15,12:15
617,16:45,17:45
618,8:00,10:00
619,14:15,16:15
620,9:30,12:30
621,11:15,13:15
622,11:30,14:30
623,16:00,18:00
624,13:00,14:00
625,17:45,20:45
626,12:30,14:30
627,14:00,16:00
628,12:45,14:45
629,8:15,11:15
630,8:30,11:30
631,15:15,16:15
632,9:45,12:45
633,8:45,11:45
634,14:15,16:15
635,8:30,11:30
636,12:15,13:15
637,8:00,9:00
638,9:00,12:00
639,15:30,18:30
640,8:00,9:00
641,9:15,11:15
642,12:15,15:15
643,11:45,14:45
644,12:15,14:15
645,15:00,18:00
646,13:00,14:00
647,17:00,19:00
648,16:45,19:45
649,15:00,18:00
650,9:00,11:00
651,10:30,11:30
652,14:15,15:15
653,8:45,9:45
654,17:15,20:15
655,12:00,14:00
656,9:30,11:30
657,16:30,17:30
658,10:00,13:00
659,8:15,11:15
660,9:30,10:30
661,16:30,19:30
662,17:45,20:45
663,13:15,16:15
664,16:15,19:15
665,11:00,14:00
666,15:45,18:45
667,11:00,12:00
668,10:00,13:00
669,14:30,15:30
670,9:30,12:30
671,13:00,16:00
672,17:45,20:45
673,12:30,14:30
674,8:15,10:15
675,12:30,13:30
676,14:45,17:45
677,14:15,15:15
678,16:30,17:30
679,13:45,14:45
680,14:15,17:15
681,13:30,14:30
682,8:15,11:15
683,13:15,15:15
684,15:45,17:45
685,12:30,14:30
686,13:15,14:15
687,13:45,14:45
688,8:45,10:45
689,14:15,15:15
690,11:00,13:00
691,8:15,9:15
692,10:00,12:00
693,16:30,19:30
694,16:30,18:30
695,10:00,12:00
696,16:15,19:15
697,12:45,15:45
698,17:00,18:00
699,16:00,18:00
700,16:15,17:15
701,10:30,12:30
702,8:45,9:45
703,8:45,11:45
704,11:30,14:30
705,15:30,17:30
706,9:30,12:30
707,13:15,14:15
708,12:00,15:00
709,15:15,16:15
710,13:45,15:45
711,15:00,16:00
712,9:15,12:15
713,17:30,18:30
714,13:00,16:00
715,15:30,16:30
716,13:15,15:15
717,16:45,18:45
718,15:30,16:30
719,15:00,17:00
720,16:30,19:30
721,12:45,15:45
722,10:15,13:15
723,14:30,17:30
724,10:00,11:00
725,13:00,14:00
726,12:15,15:15
727,10:45,12:45
728,8:30,11:30
729,14:15,16:15
730,16:15,18:15
731,16:00,18:00
732,15:15,16:15
733,8:15,10:15
734,9:15,12:15
735,15:30,17:30
736,9:30,10:30
737,8:30,10:30
738,12:45,13:45
739,13:00,15:00
740,10:30,13:30
741,15:45,18:45
742,13:45,16:45
743,11:15,13:15
744,9:00,12:00
745,12:00,14:00
746,16:00,18:00
747,17:00,20:00
748,17:45,18:45
749,17:00,18:00
750,9:45,12:45
751,8:00,11:00
752,15:30,18:30
753,10:45,11:45
754,11:30,12:30
755,10:00,12:00
756,10:45,11:45
757,8:15,11:15
758,12:45,15:45
759,17:45,20:45
760,15:15,18:15
761,11:15,13:15
762,16:00,19:00
763,16:30,19:30
764,10:30,11:30
765,9:45,10:45
766,9:15,10:15
767,17:15,19:15
768,13:30,16:30
769,10:15,13:15
770,8:00,11:00
771,8:15,9:15
772,11:15,14:15
773,9:00,11:00
774,8:15,9:15
775,8:15,10:15
776,16:15,19:15
777,13:30,14:30
778,14:15,17:15
779,10:00,13:00
780,14:30,16:30
781,8:15,9:15
782,16:30,19:30
783,10:30,12:30
784,10:00,11:00
785,12:15,13:15
786,13:45,15:45
787,10:15,11:15
788,17:15,18:15
789,9:15,12:15
790,13:45,16:45
791,13:30,14:30
792,11:30,14:30
793,9:45,11:45
794,13:45,14:45
795,12:30,14:30
796,17:00,19:00
797,17:45,19:45
798,11:30,13:30
799,14:45,16:45
800,11:30,12:30
801,12:00,13:00
802,16:15,17:15
803,9:00,11:00
804,13:00,16:00
805,13:00,14:00
806,17:00,19:00
807,16:15,18:15
808,17:45,20:45
809,14:45,17:45
810,8:30,9:30
811,10:45,11:45
812,14:45,17:45
813,8:00,11:00
814,9:30,11:30
815,9:00,10:00
816,10:45,12:45
817,15:00,18:00
818,13:30,14:30
819,13:15,16:15
820,12:15,15:15
821,15:45,18:45
822,16:45,19:45
823,13:45,16:45
824,17:45,19:45
825,14:00,15:00
826,14:00,17:00
827,12:00,15:00
828,9:45,11:45
829,8:00,9:00
830,15:15,18:15
831,13:45,16:45
832,17:00,18:00
833,8:30,11:30
834,9:30,12:30
835,16:00,17:00
836,8:00,9:00
837,17:45,19:45
838,12:45,15:45
839,14:15,16:15
840,15:45,18:45
841,16:00,17:00
842,9:45,10:45
843,13:45,16:45
844,17:30,20:30
845,16:45,17:45
846,17:15,19:15
847,9:45,12:45
848,11:45,13:45
849,12:00,14:00
850,17:15,19:15
851,9:45,11:45
852,9:45,10:45
853,15:15,16:15
854,17:00,20:00
855,9:45,10:45
856,14:15,15:15
857,9:30,10:30
858,17:00,20:00
859,12:30,15:30
860,10:00,13:00
861,15:45,18:45
862,15:15,17:15
863,10:45,12:45
864,15:00,17:00
865,10:00,13:00
866,14:45,16:45
867,12:45,15:45
868,9:45,10:45
869,17:30,18:30
870,14:00,15:00
871,12:00,14:00
872,12:00,14:00
873,10:30,11:30
874,10:30,12:30
875,12:15,15:15
876,15:30,18:30
877,12:45,13:45
878,8:30,11:30
879,13:30,14:30
880,10:30,12:30
881,14:15,15:15
882,16:30,17:30
883,15:30,17:30
884,16:30,19:30
885,15:45,16:45
886,12:45,13:45
887,17:15,19:15
888,15:15,17:15
889,10:00,11:00
890,13:30,15:30
891,13:45,16:45
892,13:15,14:15
893,13:15,15:15
894,11:45,13:45
895,8:45,10:45
896,15:00,17:00
897,14:30,15:30
898,14:15,17:15
899,10:15,11:15
900,12:00,15:00
901,17:15,19:15
902,13:15,16:15
903,12:00,15:00
904,16:30,17:30
905,16:45,18:45
906,16:15,19:15
907,11:30,14:30
908,13:15,15:15
909,12:15,14:15
910,16:15,19:15
911,17:30,20:30
912,16:45,18:45
913,16:45,19:45
914,11:30,14:30
915,15:15,18:15
916,17:30,20:30
917,17:45,18:45
918,14:00,17:00
919,8:00,10:00
920,14:15,15:15
921,15:15,17:15
922,10:30,13:30
923,10:00,12:00
924,17:15,18:15
925,13:45,15:45
926,16:45,19:45
927,11:00,14:00
928,16:15,19:15
929,9:30,10:30
930,16:15,19:15
931,8:30,9:30
932,13:15,16:15
933,12:15,13:15
934,8:00,10:00
935,16:45,18:45
936,14:30,16:30
937,14:30,16:30
938,13:15,14:15
939,13:00,16:00
940,11:15,14:15
941,16:15,19:15
942,15:30,17:30
943,8:30,9:30
944,17:00,20:00
945,12:45,14:45
946,14:00,17:00
947,14:00,15:00
948,13:00,15:00
949,16:15,17:15
950,12:00,14:00
951,16:00,17:00
952,15:45,18:45
953,14:45,17:45
954,17:00,18:00
955,13:15,16:15
956,10:30,13:30
957,14:45,16:45
958,12:15,13:15
959,9:00,10:00
960,17:15,20:15
961,14:45,15:45
962,10:30,11:30
963,16:15,19:15
964,17:45,19:45
965,14:15,16:15
966,10:30,13:30
967,13:30,16:30
968,11:00,12:00
969,10:45,11:45
970,16:45,17:45
971,15:00,17:00
972,8:30,9:30
973,9:15,10:15
974,16:15,18:15
975,8:00,9:00
976,10:30,11:30
977,15:15,16:15
978,15:00,17:00
979,8:00,11:00
980,10:45,12:45
981,12:45,15:45
982,9:00,12:00
983,14:30,15:30
984,15:00,16:00
985,10:30,12:30
986,11:45,13:45
987,12:45,13:45
988,8:00,9:00
989,11:15,12:15
990,17:45,20:45
991,8:00,11:00
992,17:15,19:15
993,10:45,11:45
994,9:30,12:30
995,12:45,13:45
996,14:15,17:15
997,14:15,17:15
998,11:30,13:30
999,16:30,17:30
1000,10:45,13:45
1001,16:30,18:30
1002,15:45,18:45
1003,12:45,15:45
1004,16:45,17:45
1005,8:15,9:15
1006,12:15,13:15
1007,10:45,12:45
1008,13:00,14:00
1009,16:00,19:00
1010,15:00,17:00
1011,11:45,13:45
1012,17:30,18:30
1013,16:45,18:45
1014,9:15,12:15
1015,15:45,16:45
1016,10:00,13:00
1017,13:45,16:45
1018,16:00,19:00
1019,9:45,12:45
1020,13:45,15:45
1021,12:30,14:30
1022,13:00,16:00
1023,13:15,16:15
1024,14:00,17:00
1025,13:45,16:45
1026,9:45,11:45
1027,11:45,12:45
1028,10:45,11:45
1029,16:15,19:15
1030,15:00,16:00
1031,12:45,15:45
1032,9:30,12:30
1033,11:30,13:30
1034,12:15,15:15
1035,10:15,13:15
1036,8:15,10:15
1037,14:30,15:30
1038,16:30,18:30
1039,15:15,18:15
1040,17:45,19:45
1041,14:00,15:00
1042,10:45,13:45
1043,14:45,17:45
1044,8:30,10:30
1045,15:45,18:45
1046,16:45,19:45
1047,11:45,12:45
1048,15:00,17:00
1049,17:30,20:30
1050,13:00,15:00
1051,10:15,12:15
1052,9:15,11:15
1053,9:30,11:30
1054,11:30,13:30
1055,9:30,12:30
1056,15:30,16:30
1057,12:30,15:30
1058,12:45,14:45
1059,12:45,14:45
1060,8:45,11:45
1061,8:00,9:00
1062,12:45,14:45
1063,16:15,19:15
1064,9:45,11:45
1065,11:45,14:45
1066,14:30,15:30
1067,10:30,13:30
1068,16:45,18:45
1069,12:45,14:45
1070,12:45,15:45
1071,13:00,15:00
1072,14:45,16:45
1073,10:30,12:30
1074,17:00,18:00
1075,15:15,16:15
1076,13:45,16:45
1077,9:15,11:15
1078,11:00,14:00
1079,12:00,15:00
1080,13:30,16:30
1081,13:45,14:45
1082,10:30,11:30
1083,16:00,18:00
1084,8:15,10:15
1085,15:00,16:00
1086,17:30,18:30
1087,13:15,14:15
1088,12:30,15:30
1089,9:30,12:30
1090,9:00,11:00
1091,15:00,16:00
1092,17:00,20:00
1093,10:30,12:30
1094,11:00,13:00
1095,16:30,18:30
1096,12:00,15:00
1097,9:15,10:15
1098,13:45,16:45
1099,12:30,13:30
1100,8:30,11:30
1101,9:30,11:30
1102,15:45,17:45
1103,9:00,12:00
1104,12:30,14:30
1105,12:00,13:00
1106,11:30,13:30
1107,9:00,12:00
1108,12:15,13:15
1109,8:15,9:15
1110,9:30,11:30
1111,15:30,16:30
1112,8:30,9:30
1113,12:00,13:00
1114,13:15,14:15
1115,10:45,11:45
1116,10:15,12:15
1117,10:15,13:15
1118,13:00,15:00
1119,16:15,17:15
1120,16:45,18:45
1121,17:30,20:30
1122,17:30,19:30
1123,15:45,18:45
1124,9:45,12:45
1125,16:30,19:30
1126,14:45,16:45
1127,9:00,10:00
1128,13:30,15:30
1129,8:45,9:45
1130,14:15,17:15
1131,10:00,11:00
1132,12:45,14:45
1133,17:30,19:30
1134,15:15,16:15
1135,15:15,17:15
1136,11:15,13:15
1137,10:45,11:45
1138,15:15,17:15
1139,17:45,19:45
1140,10:45,11:45
1141,14:30,15:30
1142,17:30,19:30
1143,8:15,9:15
1144,13:45,16:45
1145,15:00,17:00
1146,16:30,17:30
1147,14:00,16:00
1148,16:00,19:00
1149,9:45,10:45
1150,17:45,18:45
1151,15:45,16:45
1152,11:00,12:00
1153,11:45,13:45
1154,13:45,16:45
1155,10:45,12:45
1156,17:30,19:30
1157,14:00,17:00
1158,15:45,17:45
1159,15:45,17:45
1160,15:45,16:45
1161,11:30,14:30
1162,12:30,14:30
1163,11:45,12:45
1164,11:15,14:15
1165,11:45,13:45
1166,8:30,10:30
1167,8:45,9:45
1168,15:30,18:30
1169,14:00,17:00
1170,16:15,17:15
1171,11:15,14:15
1172,15:15,18:15
1173,9:45,10:45
1174,12:45,14:45
1175,9:30,12:30
1176,9:30,10:30
1177,17:45,20:45
1178,12:45,14:45
1179,16:45,19:45
1180,8:00,10:00
1181,16:15,18:15
1182,13:45,15:45
1183,13:15,15:15
1184,10:00,11:00
1185,15:30,16:30
1186,13:30,14:30
1187,17:30,19:30
1188,17:00,18:00
1189,13:30,14:30
1190,16:45,17:45
1191,15:30,16:30
1192,13:45,15:45
1193,16:45,19:45
1194,15:00,16:00
1195,9:00,10:00
1196,14:00,16:00
1197,17:00,19:00
1198,12:30,14:30
1199,17:00,18:00
1200,8:30,11:30
1201,8:45,10:45
1202,13:45,16:45
1203,12:00,15:00
1204,13:30,16:30
1205,10:00,11:00
1206,14:00,17:00
1207,16:15,18:15
1208,11:00,12:00
1209,16:30,19:30
1210,11:45,12:45
1211,11:30,14:30
1212,9:00,12:00
1213,15:00,16:00
1214,13:30,16:30
1215,17:00,19:00
1216,17:45,18:45
1217,16:15,19:15
1218,14:15,16:15
1219,10:15,13:15
1220,13:00,15:00
1221,9:00,12:00
1222,13:30,14:30
1223,17:00,18:00
1224,10:30,13:30
1225,10:15,13:15
1226,17:45,20:45
1227,11:15,12:15
1228,9:15,12:15
1229,11:45,14:45
1230,9:00,12:00
1231,13:00,14:00
1232,16:00,18:00
1233,9:30,12:30
1234,12:45,13:45
1235,9:30,11:30
1236,10:15,11:15
1237,14:30,17:30
1238,12:15,14:15
1239,8:15,9:15
1240,13:15,16:15
1241,11:15,12:15
1242,17:45,20:45
1243,16:15,17:15
1244,9:00,12:00
1245,11:30,14:30
1246,17:00,18:00
1247,9:45,11:45
1248,10:30,12:30
1249,11:15,14:15
1250,11:45,14:45
1251,8:15,11:15
1252,10:00,11:00
1253,13:30,15:30
1254,8:00,10:00
1255,15:30,18:30
1256,9:45,12:45
1257,17:15,20:15
1258,15:45,18:45
1259,17:00,20:00
1260,11:30,14:30
1261,15:45,18:45
1262,9:00,12:00
1263,17:45,18:45
1264,12:15,15:15
1265,9:15,10:15
1266,12:30,15:30
1267,12:00,13:00
1268,11:30,13:30
1269,14:45,17:45
1270,10:45,11:45
1271,16:30,18:30
1272,10:15,11:15
1273,9:00,11:00
1274,17:15,19:15
1275,14:45,16:45
1276,14:45,17:45
1277,10:15,13:15
1278,14:45,15:45
1279,12:30,14:30
1280,14:30,15:30
1281,13:00,14:00
1282,9:15,12:15
1283,12:30,15:30
1284,13:00,15:00
1285,13:15,16:15
1286,11:30,14:30
1287,17:30,19:30
1288,15:15,16:15
1289,14:00,16:00
1290,11:30,14:30
1291,13:15,14:15
1292,14:30,17:30
1293,16:30,17:30
1294,14:00,17:00
1295,13:45,16:45
1296,12:30,13:30
1297,11:45,14:45
1298,12:15,14:15
1299,16:00,19:00
1300,17:45,18:45
1301,12:45,13:45
1302,9:00,12:00
1303,17:00,20:00
1304,8:45,11:45
1305,15:30,18:30
1306,12:30,13:30
1307,10:15,11:15
1308,11:15,14:15
1309,13:30,14:30
1310,17:00,20:00
1311,16:00,19:00
1312,16:30,17:30
1313,10:00,13:00
1314,11:00,12:00
1315,15:00,16:00
1316,10:30,11:30
1317,9:15,11:15
1318,10:30,13:30
1319,10:15,13:15
1320,16:30,18:30
1321,11:15,14:15
1322,10:45,11:45
1323,10:00,11:00
1324,15:15,16:15
1325,8:45,11:45
1326,9:30,11:30
1327,14:30,15:30
1328,11:30,14:30
1329,16:15,18:15
1330,9:45,11:45
1331,14:15,17:15
1332,16:45,18:45
1333,10:30,13:30
1334,13:00,14:00
1335,16:45,18:45
1336,13:15,15:15
1337,14:30,16:30
1338,17:15,20:15
1339,12:00,15:00
1340,14:45,15:45
1341,11:15,13:15
1342,15:15,17:15
1343,11:00,12:00
1344,17:30,19:30
1345,15:45,16:45
1346,17:15,19:15
1347,9:45,12:45
1348,8:15,11:15
1349,14:30,15:30
1350,14:00,17:00
1351,11:15,12:15
1352,15:15,17:15
1353,14:00,16:00
1354,17:45,19:45
1355,16:30,17:30
1356,11:30,12:30
1357,12:15,14:15
1358,15:30,18:30
1359,12:30,15:30
1360,14:00,17:00
1361,12:30,13:30
1362,10:30,11:30
1363,14:30,16:30
1364,10:45,11:45
1365,10:45,12:45
1366,14:15,15:15
1367,13:00,15:00
1368,11:45,12:45
1369,15:00,17:00
1370,17:15,19:15
1371,10:15,12:15
1372,8:15,10:15
1373,8:15,10:15
1374,16:30,18:30
1375,8:00,9:00
1376,11:30,13:30
1377,16:15,19:15
1378,10:00,13:00
1379,12:15,13:15
1380,12:45,15:45
1381,8:00,10:00
1382,8:30,9:30
1383,12:15,14:15
1384,14:30,16:30
1385,13:00,14:00
1386,9:45,12:45
1387,16:15,19:15
1388,9:15,12:15
1389,15:45,18:45
1390,8:30,10:30
1391,17:15,18:15
1392,14:45,15:45
1393,9:00,12:00
1394,9:45,10:45
1395,14:15,17:15
1396,13:00,16:00
1397,11:15,12:15
1398,10:15,12:15
1399,16:45,19:45
1400,17:15,20:15
1401,12:00,13:00
1402,15:30,18:30
1403,10:00,13:00
1404,8:45,9:45
1405,13:45,16:45
1406,11:45,12:45
1407,8:45,11:45
1408,10:15,13:15
1409,12:00,15:00
1410,11:15,14:15
1411,14:00,15:00
1412,13:00,15:00
1413,8:45,11:45
1414,9:30,11:30
1415,16:00,18:00
1416,11:45,12:45
1417,8:15,9:15
1418,10:30,12:30
1419,13:00,15:00
1420,12:15,13:15
1421,14:00,17:00
1422,14:45,16:45
1423,11:45,12:45
1424,13:15,14:15
1425,9:00,10:00
1426,8:00,9:00
1427,10:45,11:45
1428,12:45,14:45
1429,16:45,19:45
1430,10:00,12:00
1431,8:45,11:45
1432,8:30,11:30
1433,8:30,10:30
1434,11:00,12:00
1435,9:30,10:30
1436,14:30,15:30
1437,16:45,18:45
1438,11:30,12:30
1439,12:45,15:45
1440,15:15,16:15
1441,15:00,17:00
1442,17:30,18:30
1443,8:15,9:15
1444,11:30,14:30
1445,16:15,17:15
1446,16:15,18:15
1447,16:15,18:15
1448,9:15,12:15
1449,10:00,13:00
1450,9:15,12:15
1451,9:30,10:30
1452,17:00,19:00
1453,17:30,19:30
1454,10:00,13:00
1455,13:00,15:00
1456,17:15,19:15
1457,12:45,13:45
1458,15:15,17:15
1459,10:45,13:45
1460,8:00,9:00
1461,11:30,13:30
1462,17:15,20:15
1463,17:30,19:30
1464,16:15,19:15
1465,12:15,14:15
1466,8:00,9:00
1467,17:15,18:15
1468,14:00,16:00
1469,9:00,10:00
1470,14:00,17:00
1471,13:15,14:15
1472,13:15,15:15
1473,10:15,12:15
1474,14:30,16:30
1475,12:45,13:45
1476,11:00,14:00
1477,10:00,11:00
1478,8:45,10:45
1479,8:15,11:15
1480,17:30,18:30
1481,14:15,15:15
1482,14:15,16:15
1483,9:30,12:30
1484,15:45,16:45
1485,14:15,17:15
1486,13:30,16:30
1487,14:15,17:15
1488,11:00,12:00
1489,13:00,14:00
1490,16:15,18:15
1491,15:00,16:00
1492,8:30,9:30
1493,12:00,14:00
1494,13:30,15:30
1495,9:15,11:15
1496,10:45,12:45
1497,15:30,18:30
1498,17:45,18:45
1499,9:45,11:45
1500,14:30,16:30
1501,17:00,20:00
1502,15:15,17:15
1503,8:30,10:30
1504,17:00,20:00
1505,15:15,16:15
1506,12:30,14:30
1507,17:45,18:45
1508,10:30,13:30
1509,13:00,14:00
1510,14:00,16:00
1511,14:15,15:15
1512,15:00,16:00
1513,16:30,17:30
1514,10:00,11:00
1515,15:30,17:30
1516,13:15,16:15
1517,14:00,17:00
1518,14:45,16:45
1519,15:45,16:45
1520,9:00,11:00
1521,16:15,19:15
1522,11:00,12:00
1523,13:30,15:30
1524,9:15,12:15
1525,10:30,13:30
1526,17:30,20:30
1527,14:00,15:00
1528,11:30,14:30
1529,16:30,18:30
1530,17:00,18:00
1531,12:00,14:00
1532,14:30,17:30
1533,8:00,9:00
1534,16:45,19:45
1535,14:45,17:45
1536,16:00,18:00
1537,15:00,17:00
1538,13:45,14:45
1539,13:45,15:45
1540,14:45,15:45
1541,9:45,10:45
1542,11:30,13:30
1543,8:00,9:00
1544,15:45,17:45
1545,9:45,12:45
1546,12:00,15:00
1547,12:30,15:30
1548,15:30,16:30
1549,16:45,17:45
1550,17:15,19:15
1551,12:00,13:00
1552,12:00,15:00
1553,17:00,18:00
1554,13:15,16:15
1555,10:45,11:45
1556,12:15,14:15
1557,16:15,19:15
1558,11:30,12:30
1559,8:30,9:30
1560,8:30,9:30
1561,9:00,10:00
1562,8:45,11:45
1563,17:15,18:15
1564,10:30,12:30
1565,8:30,9:30
1566,16:00,19:00
1567,15:15,18:15
1568,12:15,13:15
1569,14:30,15:30
1570,13:45,15:45
1571,8:15,9:15
1572,11:00,14:00
1573,8:45,9:45
1574,14:00,16:00
1575,11:15,13:15
1576,14:15,17:15
1577,12:45,15:45
1578,9:00,11:00
1579,12:45,14:45
1580,13:45,15:45
1581,9:00,10:00
1582,10:30,12:30
1583,9:15,12:15
1584,17:30,20:30
1585,13:00,16:00
1586,12:15,13:15
1587,11:15,12:15
1588,8:00,10:00
1589,13:00,16:00
1590,15:15,17:15
1591,15:45,16:45
1592,8:15,11:15
1593,11:15,14:15
1594,9:30,10:30
1595,13:15,15:15
1596,12:15,14:15
1597,14:45,16:45
1598,12:30,15:30
1599,12:00,14:00
1600,13:00,14:00
1601,16:30,19:30
1602,16:15,18:15
1603,14:00,17:00
1604,16:45,19:45
1605,15:30,16:30
1606,15:00,16:00
1607,14:15,17:15
1608,8:30,10:30
1609,9:45,12:45
1610,16:45,19:45
1611,8:15,9:15
1612,15:15,16:15
1613,16:30,17:30
1614,12:45,13:45
1615,13:00,16:00
1616,12:00,14:00
1617,13:30,14:30
1618,15:45,17:45
1619,10:00,11:00
1620,16:30,18:30
1621,10:00,11:00
1622,14:30,15:30
1623,17:15,20:15
1624,16:00,19:00
1625,16:00,18:00
1626,12:15,13:15
1627,15:00,17:00
1628,8:45,10:45
1629,10:45,13:45
1630,14:30,15:30
1631,17:45,19:45
1632,17:15,18:15
1633,13:00,14:00
1634,9:45,11:45
1635,10:30,12:30
1636,11:15,14:15
1637,11:15,12:15
1638,11:15,14:15
1639,8:30,9:30
1640,13:00,14:00
1641,13:00,15:00
1642,15:45,18:45
1643,11:15,13:15
1644,12:30,15:30
1645,11:30,14:30
1646,9:15,10:15
1647,8:30,11:30
1648,11:45,13:45
1649,13:30,16:30
1650,17:00,18:00
1651,11:45,14:45
1652,14:45,17:45
1653,9:30,10:30
1654,15:45,16:45
1655,9:15,11:15
1656,13:15,15:15
1657,17:00,18:00
1658,10:00,13:00
1659,10:15,11:15
1660,13:00,15:00
1661,17:45,19:45
1662,12:15,15:15
1663,11:30,14:30
1664,17:00,19:00
1665,13:30,15:30
1666,9:00,10:00
1667,12:15,15:15
1668,12:30,13:30
1669,10:00,12:00
1670,13:15,14:15
1671,10:45,11:45
1672,14:45,15:45
1673,13:15,16:15
1674,13:00,14:00
1675,9:45,11:45
1676,16:45,18:45
1677,17:30,19:30
1678,12:15,14:15
1679,11:45,12:45
1680,9:30,11:30
1681,11:30,13:30
1682,12:00,14:00
1683,15:30,17:30
1684,14:15,16:15
1685,16:45,19:45
1686,8:45,11:45
1687,16:30,18:30
1688,12:30,13:30
1689,12:45,15:45
1690,10:00,12:00
1691,17:00,18:00
1692,9:45,11:45
1693,17:45,18:45
1694,17:15,19:15
1695,17:00,20:00
1696,11:15,13:15
1697,11:00,13:00
1698,15:45,17:45
1699,14:30,16:30
1700,8:15,10:15
1701,9:15,10:15
1702,12:00,14:00
1703,13:30,14:30
1704,8:30,9:30
1705,13:30,15:30
1706,9:15,11:15
1707,12:45,14:45
1708,11:45,13:45
1709,9:30,11:30
1710,11:45,14:45
1711,8:45,10:45
1712,16:45,17:45
1713,17:15,20:15
1714,13:30,14:30
1715,8:15,9:15
1716,12:15,15:15
1717,11:15,13:15
1718,11:15,13:15
1719,14:30,15:30
1720,16:00,18:00
1721,11:00,14:00
1722,10:45,13:45
1723,14:00,17:00
1724,15:45,17:45
1725,12:45,15:45
1726,14:30,15:30
1727,9:00,11:00
1728,16:15,17:15
1729,15:45,17:45
1730,10:30,13:30
1731,13:15,16:15
1732,14:00,15:00
1733,17:45,20:45
1734,15:45,17:45
1735,17:30,19:30
1736,12:45,14:45
1737,8:45,11:45
1738,10:45,11:45
1739,14:30,17:30
1740,11:30,12:30
1741,15:00,18:00
1742,8:15,11:15
1743,9:00,12:00
1744,9:30,10:30
1745,17:15,19:15
1746,14:15,15:15
1747,17:15,19:15
1748,8:15,11:15
1749,9:45,12:45
1750,10:45,11:45
1751,9:15,10:15
1752,14:45,15:45
1753,10:45,12:45
1754,11:00,14:00
1755,9:45,12:45
1756,10:00,13:00
1757,17:00,19:00
1758,13:00,15:00
1759,14:45,15:45
1760,13:30,16:30
1761,8:45,10:45
1762,11:45,12:45
1763,12:00,13:00
1764,12:45,13:45
1765,9:30,10:30
1766,17:45,19:45
1767,15:30,18:30
1768,16:45,17:45
1769,12:30,13:30
1770,10:30,11:30
1771,8:15,9:15
1772,12:30,14:30
1773,17:15,20:15
1774,15:00,16:00
1775,13:45,15:45
1776,15:00,16:00
1777,11:00,13:00
1778,13:00,15:00
1779,12:15,15:15
1780,14:30,15:30
1781,15:00,17:00
1782,15:30,18:30
1783,11:00,14:00
1784,11:15,14:15
1785,11:15,13:15
1786,8:45,10:45
1787,9:30,10:30
1788,9:45,10:45
1789,10:15,11:15
1790,13:45,15:45
1791,15:45,16:45
1792,9:30,10:30
1793,16:00,18:00
1794,9:45,12:45
1795,13:45,16:45
1796,8:45,10:45
1797,10:00,13:00
1798,10:45,11:45
1799,8:00,10:00
1800,12:45,13:45
1801,14:15,16:15
1802,9:30,11:30
1803,14:00,15:00
1804,11:30,12:30
1805,15:45,18:45
1806,17:30,20:30
1807,17:30,20:30
1808,15:45,16:45
1809,11:30,14:30
1810,8:00,10:00
1811,13:00,16:00
1812,16:30,17:30
1813,10:15,11:15
1814,15:15,18:15
1815,9:15,12:15
1816,10:45,13:45
1817,9:45,11:45
1818,17:30,20:30
1819,12:15,15:15
1820,17:30,19:30
1821,8:00,11:00
1822,10:15,11:15
1823,17:00,19:00
1824,11:30,13:30
1825,15:15,17:15
1826,10:30,12:30
1827,8:45,9:45
1828,14:45,15:45
1829,17:30,20:30
1830,14:15,15:15
1831,14:45,16:45
1832,9:30,11:30
1833,12:30,14:30
1834,15:00,17:00
1835,13:15,15:15
1836,12:15,13:15
1837,8:15,10:15
1838,17:30,19:30
1839,16:30,17:30
1840,16:15,19:15
1841,14:15,17:15
1842,10:00,12:00
1843,9:30,10:30
1844,11:15,13:15
1845,14:15,15:15
1846,15:45,18:45
1847,15:45,18:45
1848,12:45,13:45
1849,11:30,13:30
1850,12:00,13:00
1851,15:00,18:00
1852,10:45,11:45
1853,11:30,14:30
1854,13:15,15:15
1855,8:45,11:45
1856,14:15,15:15
1857,16:15,19:15
1858,9:45,11:45
1859,11:30,12:30
1860,11:15,14:15
1861,10:00,12:00
1862,14:30,15:30
1863,14:45,15:45
1864,13:30,14:30
1865,14:15,15:15
1866,15:00,17:00
1867,11:15,13:15
1868,13:00,14:00
1869,14:30,16:30
1870,11:15,12:15
1871,13:00,15:00
1872,9:45,12:45
1873,9:45,11:45
1874,10:30,12:30
1875,11:45,13:45
1876,13:45,14:45
1877,15:15,17:15
1878,8:00,10:00
1879,17:00,20:00
1880,11:00,14:00
1881,9:15,11:15
1882,13:15,15:15
1883,8:15,11:15
1884,12:00,15:00
1885,11:15,13:15
1886,13:15,16:15
1887,16:30,18:30
1888,14:45,17:45
1889,13:30,16:30
1890,16:45,19:45
1891,11:00,13:00
1892,13:30,14:30
1893,8:30,10:30
1894,13:45,16:45
1895,16:30,17:30
1896,9:00,10:00
1897,16:15,18:15
1898,13:15,14:15
1899,8:30,9:30
1900,10:00,12:00
1901,14:00,17:00
1902,8:15,9:15
1903,15:15,16:15
1904,9:30,12:30
1905,15:00,17:00
1906,11:00,13:00
1907,17:45,19:45
1908,11:30,13:30
1909,14:45,16:45
1910,16:30,18:30
1911,8:15,11:15
1912,8:15,11:15
1913,8:00,10:00
1914,13:45,15:45
1915,11:00,13:00
1916,10:15,13:15
1917,9:15,12:15
1918,8:15,11:15
1919,16:45,18:45
1920,15:30,18:30
1921,11:45,14:45
1922,13:15,16:15
1923,13:30,16:30
1924,14:00,16:00
1925,16:45,19:45
1926,12:30,15:30
1927,12:30,13:30
1928,17:45,19:45
1929,17:30,19:30
1930,17:15,20:15
1931,10:00,11:00
1932,13:30,16:30
1933,14:00,16:00
1934,17:45,18:45
1935,17:00,20:00
1936,8:30,11:30
1937,17:15,18:15
1938,12:45,14:45
1939,9:30,10:30
1940,16:15,18:15
1941,9:00,11:00
1942,10:15,11:15
1943,8:45,9:45
1944,15:30,17:30
1945,17:45,20:45
1946,17:00,19:00
1947,15:45,17:45
1948,12:30,13:30
1949,12:00,13:00
1950,15:45,17:45
1951,14:45,15:45
1952,17:15,19:15
1953,12:00,13:00
1954,17:30,20:30
1955,16:15,19:15
1956,10:30,12:30
1957,8:45,11:45
1958,13:45,16:45
1959,13:15,15:15
1960,8:00,11:00
1961,12:45,13:45
1962,12:15,13:15
1963,9:30,12:30
1964,17:00,20:00
1965,9:00,11:00
1966,15:15,17:15
1967,17:30,18:30
1968,10:45,11:45
1969,16:15,17:15
1970,13:30,14:30
1971,14:45,16:45
1972,15:00,18:00
1973,17:30,20:30
1974,17:00,18:00
1975,11:00,13:00
1976,11:45,13:45
1977,15:30,16:30
1978,9:00,12:00
1979,12:30,14:30
1980,9:00,10:00
1981,14:00,16:00
1982,11:45,12:45
1983,12:45,14:45
1984,16:00,17:00
1985,15:15,18:15
1986,13:00,16:00
1987,14:45,15:45
1988,15:45,16:45
1989,14:45,15:45
1990,13:30,14:30
1991,11:30,12:30
1992,16:00,19:00
1993,13:15,15:15
1994,16:45,19:45
1995,10:30,12:30
1996,14:15,16:15
1997,12:15,13:15
1998,16:45,18:45
1999,15:00,16:00
2000,16:00,18:00
2001,13:45,15:45
2002,13:00,16:00
2003,11:45,13:45
2004,15:45,18:45
2005,9:00,12:00
2006,12:45,13:45
2007,14:30,16:30
2008,9:30,12:30
2009,10:45,13:45
2010,16:45,18:45
2011,13:30,14:30
2012,11:15,13:15
2013,8:30,10:30
2014,14:00,17:00
2015,9:45,10:45
2016,8:15,10:15
2017,13:45,14:45
2018,16:45,19:45
2019,16:45,19:45
2020,12:00,13:00
2021,8:00,10:00
2022,11:45,14:45
2023,15:45,16:45
2024,9:15,10:15
2025,11:15,12:15
2026,8:45,9:45
2027,14:30,15:30
2028,12:00,15:00
2029,11:00,14:00
2030,13:00,16:00
2031,8:00,10:00
2032,10:30,11:30
2033,10:15,12:15
2034,9:30,12:30
2035,12:15,15:15
2036,14:45,15:45
2037,8:30,11:30
2038,12:30,14:30
2039,16:30,18:30
2040,8:00,11:00
2041,17:15,19:15
2042,17:30,19:30
2043,15:30,18:30
2044,13:30,15:30
2045,11:15,14:15
2046,8:15,11:15
2047,13:15,15:15
2048,10:00,13:00
2049,13:15,14:15
2050,16:45,17:45
2051,17:00,19:00
2052,14:00,16:00
2053,13:15,16:15
2054,15:45,16:45
2055,9:15,12:15
2056,17:30,20:30
2057,9:30,11:30
2058,9:45,11:45
2059,17:45,19:45
2060,16:30,17:30
2061,8:00,10:00
2062,8:15,11:15
2063,14:45,16:45
2064,16:30,19:30
2065,15:15,18:15
2066,15:15,17:15
2067,10:30,13:30
2068,12:45,13:45
2069,13:15,14:15
2070,9:30,10:30
2071,17:00,18:00
2072,16:15,19:15
2073,9:00,12:00
2074,8:45,11:45
2075,12:45,13:45
2076,14:15,15:15
2077,9:00,12:00
2078,9:15,10:15
2079,14:45,17:45
2080,10:30,13:30
2081,10:15,12:15
2082,11:15,14:15
2083,11:45,14:45
2084,9:30,10:30
2085,15:45,18:45
2086,15:30,18:30
2087,14:15,16:15
2088,10:45,12:45
2089,14:45,17:45
2090,8:45,9:45
2091,17:00,18:00
2092,8:15,11:15
2093,13:45,15:45
2094,17:45,19:45
2095,15:30,18:30
2096,10:30,12:30
2097,12:00,14:00
2098,17:30,18:30
2099,16:30,18:30
2100,10:15,12:15
2101,8:45,10:45
2102,15:45,16:45
2103,10:45,11:45
2104,11:00,12:00
2105,10:45,11:45
2106,12:00,14:00
2107,13:45,14:45
2108,16:30,19:30
2109,8:45,11:45
2110,11:00,13:00
2111,8:30,11:30
2112,11:45,14:45
2113,13:15,14:15
2114,11:30,12:30
2115,9:45,12:45
2116,11:00,14:00
2117,13:15,16:15
2118,16:00,18:00
2119,17:30,20:30
2120,8:45,11:45
2121,14:45,17:45
2122,13:30,14:30
2123,10:00,13:00
2124,14:00,17:00
2125,11:45,13:45
2126,11:00,13:00
2127,14:00,15:00
2128,15:45,18:45
2129,13:00,14:00
2130,11:15,13:15
2131,11:15,13:15
2132,16:15,18:15
2133,8:45,10:45
2134,17:00,18:00
2135,11:00,12:00
2136,8:15,10:15
2137,9:45,10:45
2138,15:30,18:30
2139,14:15,17:15
2140,9:30,10:30
2141,11:45,14:45
2142,14:15,16:15
2143,9:00,10:00
2144,10:00,13:00
2145,10:15,11:15
2146,10:00,11:00
2147,9:00,12:00
2148,13:15,16:15
2149,11:15,12:15
2150,15:45,17:45
2151,13:00,14:00
2152,10:00,11:00
2153,13:00,16:00
2154,11:15,13:15
2155,17:00,18:00
2156,9:00,12:00
2157,15:45,18:45
2158,17:30,19:30
2159,12:00,14:00
2160,10:45,11:45
2161,13:15,15:15
2162,11:45,13:45
2163,12:15,15:15
2164,17:15,19:15
2165,16:30,18:30
2166,14:15,16:15
2167,10:15,11:15
2168,14:30,17:30
2169,10:45,13:45
2170,16:45,19:45
2171,9:30,10:30
2172,17:00,20:00
2173,10:30,12:30
2174,14:30,16:30
2175,11:00,12:00
2176,17:00,19:00
2177,13:45,15:45
2178,17:00,20:00
2179,8:45,11:45
2180,11:30,14:30
2181,15:45,17:45
2182,16:45,18:45
2183,8:30,11:30
2184,11:45,12:45
2185,8:30,9:30
2186,14:45,17:45
2187,8:30,9:30
2188,12:00,15:00
2189,9:45,10:45
2190,11:15,13:15
2191,8:15,11:15
2192,16:15,17:15
2193,11:30,12:30
2194,15:45,17:45
2195,12:30,13:30
2196,11:45,14:45
2197,11:45,14:45
2198,8:15,9:15
2199,17:15,20:15
2200,14:30,15:30
2201,12:45,15:45
2202,13:30,14:30
2203,9:15,10:15
2204,12:45,14:45
2205,13:00,15:00
2206,12:30,13:30
2207,13:00,16:00
2208,10:00,13:00
2209,9:00,11:00
2210,17:15,18:15
2211,9:15,10:15
2212,9:15,11:15
2213,12:45,14:45
2214,9:15,11:15
2215,9:30,11:30
2216,15:45,17:45
2217,13:30,14:30
2218,13:30,15:30
2219,13:45,16:45
2220,12:30,15:30
2221,14:45,15:45
2222,12:45,13:45
2223,17:00,20:00
2224,13:45,16:45
2225,14:00,17:00
2226,16:30,18:30
2227,14:15,15:15
2228,14:15,17:15
2229,10:15,12:15
2230,14:45,15:45
2231,16:00,18:00
2232,15:15,18:15
2233,12:45,15:45
2234,17:45,18:45
2235,14:30,16:30
2236,16:00,18:00
2237,13:15,15:15
2238,10:45,12:45
2239,13:00,15:00
2240,8:30,11:30
2241,16:45,18:45
2242,8:15,10:15
2243,13:30,15:30
2244,16:45,18:45
2245,15:30,16:30
2246,9:45,12:45
2247,10:45,12:45
2248,16:00,17:00
2249,8:30,11:30
2250,13:15,16:15
2251,17:15,20:15
2252,15:45,17:45
2253,11:45,13:45
2254,12:45,15:45
2255,10:45,13:45
2256,17:15,20:15
2257,10:45,11:45
2258,14:00,15:00
2259,15:30,18:30
2260,16:30,18:30
2261,8:30,11:30
2262,13:45,15:45
2263,17:30,18:30
2264,16:00,17:00
2265,13:45,14:45
2266,9:45,12:45
2267,15:30,17:30
2268,9:00,12:00
2269,15:15,17:15
2270,17:15,20:15
2271,9:15,11:15
2272,14:30,15:30
2273,17:30,20:30
2274,16:45,19:45
2275,15:00,16:00
2276,15:15,18:15
2277,15:30,17:30
2278,11:30,12:30
2279,8:45,10:45
2280,9:00,10:00
2281,8:00,10:00
2282,15:45,16:45
2283,16:15,19:15
2284,13:15,16:15
2285,17:45,20:45
2286,16:15,17:15
2287,17:15,18:15
2288,8:15,11:15
2289,9:30,12:30
2290,13:00,14:00
2291,13:15,15:15
2292,14:00,16:00
2293,11:30,14:30
2294,17:15,18:15
2295,9:15,10:15
2296,12:00,13:00
2297,17:30,20:30
2298,17:15,18:15
2299,14:45,17:45
2300,17:15,19:15
2301,9:30,12:30
2302,9:15,10:15
2303,14:15,16:15
2304,15:45,18:45
2305,16:00,17:00
2306,17:45,18:45
2307,16:00,17:00
2308,16:00,19:00
2309,14:45,15:45
2310,16:15,17:15
2311,16:15,19:15
2312,12:30,13:30
2313,11:30,13:30
2314,14:00,15:00
2315,17:45,18:45
2316,9:30,11:30
2317,8:45,11:45
2318,13:00,16:00
2319,13:00,15:00
2320,17:30,18:30
2321,11:30,13:30
2322,15:00,17:00
2323,11:45,13:45
2324,11:15,12:15
2325,16:30,18:30
2326,10:45,13:45
2327,11:15,12:15
2328,8:45,11:45
2329,10:30,13:30
2330,14:30,15:30
2331,16:00,19:00
2332,14:30,16:30
2333,8:00,11:00
2334,9:00,12:00
2335,9:00,10:00
2336,14:30,17:30
2337,16:15,18:15
2338,15:30,18:30
2339,16:45,19:45
2340,11:30,12:30
2341,10:30,12:30
2342,8:45,9:45
2343,16:00,17:00
2344,16:15,19:15
2345,14:45,15:45
2346,13:45,14:45
2347,9:00,11:00
2348,16:15,17:15
2349,14:30,17:30
2350,13:15,16:15
2351,11:30,14:30
2352,13:15,16:15
2353,9:30,11:30
2354,9:45,12:45
2355,8:30,10:30
2356,17:30,20:30
2357,9:00,10:00
2358,9:30,11:30
2359,10:30,12:30
2360,10:30,11:30
2361,10:45,13:45
2362,17:15,18:15
2363,17:00,19:00
2364,11:45,13:45
2365,9:00,12:00
2366,10:15,13:15
2367,12:00,13:00
2368,10:15,12:15
2369,16:30,18:30
2370,17:15,20:15
2371,13:45,16:45
2372,9:30,10:30
2373,15:15,18:15
2374,15:30,18:30
2375,9:00,10:00
2376,13:45,16:45
2377,14:00,15:00
2378,16:00,18:00
2379,12:45,15:45
2380,10:15,12:15
2381,10:00,13:00
2382,17:15,19:15
2383,8:45,10:45
2384,17:15,19:15
2385,17:30,20:30
2386,14:45,17:45
2387,15:45,17:45
2388,9:15,12:15
2389,12:00,14:00
2390,15:30,18:30
2391,12:30,14:30
2392,17:30,19:30
2393,14:15,15:15
2394,17:45,19:45
2395,9:45,10:45
2396,10:15,13:15
2397,9:00,10:00
2398,15:30,17:30
2399,10:30,12:30
2400,9:30,12:30
2401,8:00,11:00
2402,9:00,11:00
2403,8:15,9:15
2404,12:45,13:45
2405,8:15,9:15
2406,9:15,10:15
2407,9:30,10:30
2408,17:45,18:45
2409,13:45,15:45
2410,15:30,16:30
2411,8:30,9:30
2412,13:15,14:15
2413,9:00,11:00
2414,15:15,18:15
2415,14:30,16:30
2416,8:00,11:00
2417,8:00,11:00
2418,13:00,15:00
2419,11:15,14:15
2420,11:15,14:15
2421,16:15,17:15
2422,17:45,20:45
2423,13:45,16:45
2424,17:30,18:30
2425,8:15,11:15
2426,13:15,15:15
2427,12:15,15:15
2428,9:45,12:45
2429,15:15,18:15
2430,9:30,10:30
2431,17:00,18:00
2432,14:45,15:45
2433,13:00,16:00
2434,12:15,15:15
2435,8:15,9:15
2436,15:45,17:45
2437,9:45,10:45
2438,12:00,15:00
2439,14:45,17:45
2440,13:45,16:45
2441,13:00,16:00
2442,14:00,15:00
2443,13:15,14:15
2444,17:45,18:45
2445,17:30,19:30
2446,8:30,10:30
2447,11:45,12:45
2448,10:30,13:30
2449,12:15,14:15
2450,8:00,10:00
2451,13:00,14:00
2452,16:45,18:45
2453,11:30,14:30
2454,17:30,19:30
2455,10:45,13:45
2456,12:00,15:00
2457,13:45,14:45
2458,8:00,10:00
2459,16:00,19:00
2460,16:30,19:30
2461,8:45,10:45
2462,15:30,16:30
2463,10:15,13:15
2464,11:00,14:00
2465,12:00,14:00
2466,13:30,14:30
2467,16:15,17:15
2468,8:00,9:00
2469,13:00,16:00
2470,14:15,16:15
2471,15:45,16:45
2472,16:15,18:15
2473,15:45,18:45
2474,13:45,14:45
2475,8:30,11:30
2476,11:00,13:00
2477,12:30,15:30
2478,17:30,19:30
2479,13:45,16:45
2480,10:00,11:00
2481,12:30,15:30
2482,13:30,14:30
2483,13:45,16:45
2484,10:45,13:45
2485,11:15,14:15
2486,9:00,12:00
2487,8:30,9:30
2488,10:00,12:00
2489,8:45,9:45
2490,9:45,10:45
2491,14:30,17:30
2492,15:45,17:45
2493,14:00,17:00
2494,12:30,14:30
2495,13:15,14:15
2496,15:15,17:15
2497,14:30,16:30
2498,12:30,15:30
2499,12:15,13:15
2500,17:30,20:30
2501,13:30,15:30
2502,16:15,18:15
2503,12:15,13:15
2504,12:00,13:00
2505,10:30,13:30
2506,13:15,14:15
2507,17:45,20:45
2508,10:15,11:15
2509,8:00,11:00
2510,11:30,13:30
2511,12:00,14:00
2512,13:00,16:00
2513,17:30,18:30
2514,9:00,11:00
2515,8:00,11:00
2516,12:15,15:15
2517,9:45,11:45
2518,8:45,10:45
2519,12:30,13:30
2520,14:45,17:45
2521,12:15,14:15
2522,10:00,12:00
2523,13:00,14:00
2524,13:00,15:00
2525,8:15,10:15
2526,13:30,15:30
2527,16:15,19:15
2528,16:45,18:45
2529,8:15,9:15
2530,17:45,20:45
2531,17:30,18:30
2532,8:30,9:30
2533,10:15,13:15
2534,15:45,17:45
2535,8:00,10:00
2536,12:15,13:15
2537,17:45,20:45
2538,10:15,13:15
2539,15:30,16:30
2540,16:00,19:00
2541,13:00,16:00
2542,14:00,16:00
2543,8:30,9:30
2544,11:00,12:00
2545,8:45,9:45
2546,16:30,19:30
2547,10:45,12:45
2548,14:45,16:45
2549,10:45,11:45
2550,12:00,14:00
2551,9:00,12:00
2552,14:15,16:15
2553,16:45,19:45
2554,15:15,18:15
2555,17:15,19:15
2556,16:30,18:30
2557,9:00,10:00
2558,11:45,13:45
2559,11:00,14:00
2560,17:45,20:45
2561,8:00,11:00
2562,11:45,12:45
2563,9:00,12:00
2564,15:15,16:15
2565,12:45,14:45
2566,14:30,17:30
2567,8:15,11:15
2568,13:15,14:15
2569,15:45,17:45
2570,13:15,16:15
2571,8:00,9:00
2572,17:30,19:30
2573,11:15,12:15
2574,10:45,11:45
2575,11:30,13:30
2576,11:00,14:00
2577,17:15,19:15
2578,16:45,18:45
2579,12:45,14:45
2580,12:15,14:15
2581,13:30,15:30
2582,17:15,19:15
2583,15:00,18:00
2584,12:00,14:00
2585,16:30,18:30
2586,12:00,14:00
2587,11:30,14:30
2588,9:00,11:00
2589,16:15,17:15
2590,14:15,15:15
2591,8:30,10:30
2592,9:00,10:00
2593,12:30,15:30
2594,13:00,14:00
2595,10:45,11:45
2596,11:45,14:45
2597,17:45,19:45
2598,8:15,9:15
2599,16:45,17:45
2600,17:15,20:15
2601,13:00,16:00
2602,13:30,15:30
2603,14:30,15:30
2604,14:15,16:15
2605,16:45,18:45
2606,16:00,19:00
2607,15:45,17:45
2608,16:15,17:15
2609,16:30,19:30
2610,13:00,16:00
2611,14:45,17:45
2612,12:45,13:45
2613,13:15,16:15
2614,17:30,18:30
2615,8:00,10:00
2616,11:15,14:15
2617,13:00,14:00
2618,17:30,18:30
2619,14:15,17:15
2620,16:15,17:15
2621,8:30,10:30
2622,17:45,18:45
2623,14:00,15:00
2624,9:15,10:15
2625,13:30,14:30
2626,15:30,18:30
2627,8:30,9:30
2628,8:00,11:00
2629,15:15,16:15
2630,10:15,11:15
2631,8:00,9:00
2632,9:30,11:30
2633,11:30,12:30
2634,8:30,9:30
2635,17:30,19:30
2636,17:30,20:30
2637,8:45,9:45
2638,8:15,9:15
2639,16:15,17:15
2640,10:45,13:45
2641,11:00,12:00
2642,8:30,10:30
2643,14:45,16:45
2644,17:00,18:00
2645,17:15,20:15
2646,14:15,16:15
2647,14:00,17:00
2648,16:45,18:45
2649,16:45,17:45
2650,14:00,16:00
2651,10:30,13:30
2652,8:30,11:30
2653,11:30,13:30
2654,16:30,17:30
2655,12:45,15:45
2656,12:00,14:00
2657,12:30,13:30
2658,14:45,15:45
2659,17:30,19:30
2660,9:30,11:30
2661,13:15,14:15
2662,15:30,17:30
2663,16:45,18:45
2664,9:00,10:00
2665,15:15,18:15
2666,11:15,12:15
2667,13:15,16:15
2668,16:00,17:00
2669,15:45,18:45
2670,13:15,15:15
2671,8:15,10:15
2672,12:45,15:45
2673,12:15,13:15
2674,10:15,13:15
2675,9:00,12:00
2676,12:30,14:30
2677,15:45,17:45
2678,12:00,14:00
2679,16:15,18:15
2680,10:45,11:45
2681,15:00,17:00
2682,9:30,11:30
2683,17:45,20:45
2684,11:45,13:45
2685,14:30,15:30
2686,17:45,20:45
2687,8:15,9:15
2688,11:00,12:00
2689,16:45,17:45
2690,14:00,16:00
2691,13:45,14:45
2692,13:45,16:45
2693,9:45,10:45
2694,12:00,15:00
2695,14:30,15:30
2696,12:00,13:00
2697,17:45,19:45
2698,8:30,11:30
2699,11:45,14:45
2700,9:15,10:15
2701,16:15,19:15
2702,11:00,14:00
2703,9:30,10:30
2704,11:45,13:45
2705,11:45,12:45
2706,13:00,16:00
2707,16:30,18:30
2708,9:15,11:15
2709,16:15,18:15
2710,16:00,18:00
2711,8:45,10:45
2712,9:30,10:30
2713,17:45,18:45
2714,9:45,11:45
2715,12:00,13:00
2716,12:45,15:45
2717,9:45,12:45
2718,13:30,16:30
2719,12:45,15:45
2720,15:45,17:45
2721,12:15,15:15
2722,8:30,9:30
2723,9:45,12:45
2724,14:45,15:45
2725,8:00,10:00
2726,10:15,12:15
2727,11:30,12:30
2728,13:45,16:45
2729,15:30,16:30
2730,11:15,13:15
2731,8:45,11:45
2732,13:00,15:00
2733,10:30,11:30
2734,12:30,15:30
2735,16:00,18:00
2736,14:15,17:15
2737,10:30,13:30
2738,15:45,17:45
2739,13:00,16:00
2740,9:45,12:45
2741,11:15,14:15
2742,14:30,15:30
2743,13:45,14:45
2744,11:00,14:00
2745,10:45,13:45
2746,12:15,13:15
2747,15:30,16:30
2748,13:30,14:30
2749,12:45,13:45
2750,15:15,16:15
2751,11:45,13:45
2752,13:15,16:15
2753,9:45,12:45
2754,8:45,11:45
2755,13:00,15:00
2756,17:15,20:15
2757,15:30,16:30
2758,13:15,15:15
2759,14:30,15:30
2760,11:45,12:45
2761,12:30,14:30
2762,10:45,11:45
2763,9:30,10:30
2764,16:45,17:45
2765,10:15,13:15
2766,15:15,18:15
2767,13:30,14:30
2768,15:30,18:30
2769,8:45,9:45
2770,16:30,18:30
2771,13:45,16:45
2772,16:15,19:15
2773,13:00,16:00
2774,13:45,15:45
2775,10:45,13:45
2776,10:45,13:45
2777,8:15,10:15
2778,8:30,9:30
2779,9:15,11:15
2780,17:45,19:45
2781,14:45,15:45
2782,16:45,19:45
2783,9:15,10:15
2784,11:15,13:15
2785,8:45,11:45
2786,8:15,9:15
2787,10:45,13:45
2788,11:15,12:15
2789,8:00,10:00
2790,8:45,9:45
2791,10:30,12:30
2792,9:15,12:15
2793,8:00,11:00
2794,13:30,14:30
2795,11:30,14:30
2796,17:15,19:15
2797,13:00,14:00
2798,12:00,14:00
2799,13:00,15:00
2800,8:00,10:00
2801,8:30,10:30
2802,12:30,13:30
2803,10:15,13:15
2804,15:15,17:15
2805,13:30,16:30
2806,8:00,10:00
2807,15:45,18:45
2808,15:30,17:30
2809,13:15,16:15
2810,17:15,19:15
2811,11:45,12:45
2812,10:15,12:15
2813,11:00,14:00
2814,11:30,14:30
2815,9:15,11:15
2816,13:00,14:00
2817,11:15,13:15
2818,9:30,10:30
2819,15:00,17:00
2820,10:00,11:00
2821,14:00,17:00
2822,16:30,17:30
2823,10:45,11:45
2824,13:15,16:15
2825,10:30,13:30
2826,13:45,16:45
2827,8:00,10:00
2828,17:30,18:30
2829,11:00,13:00
2830,15:15,16:15
2831,8:45,10:45
2832,11:15,14:15
2833,12:00,13:00
2834,11:15,13:15
2835,14:15,16:15
2836,13:15,16:15
2837,13:30,16:30
2838,12:15,14:15
2839,10:30,11:30
2840,10:15,12:15
2841,11:45,12:45
2842,12:45,14:45
2843,14:30,16:30
2844,15:00,17:00
2845,10:00,11:00
2846,15:30,18:30
2847,15:45,17:45
2848,11:00,14:00
2849,16:00,18:00
2850,9:30,10:30
2851,9:30,11:30
2852,14:45,15:45
2853,16:45,19:45
2854,11:00,12:00
2855,17:15,18:15
2856,10:00,12:00
2857,14:45,16:45
2858,11:45,14:45
2859,13:45,15:45
2860,15:15,18:15
2861,9:15,10:15
2862,9:30,12:30
2863,8:00,11:00
2864,13:45,16:45
2865,8:30,11:30
2866,8:00,9:00
2867,15:30,16:30
2868,11:00,12:00
2869,11:15,14:15
2870,10:30,12:30
2871,14:30,16:30
2872,14:15,17:15
2873,8:15,10:15
2874,17:15,20:15
2875,14:15,15:15
2876,17:15,18:15
2877,16:15,18:15
2878,11:30,12:30
2879,14:15,15:15
2880,8:15,11:15
2881,14:00,17:00
2882,14:00,16:00
2883,12:30,13:30
2884,9:30,11:30
2885,17:15,20:15
2886,15:30,17:30
2887,8:00,10:00
2888,8:15,10:15
2889,10:30,12:30
2890,13:45,15:45
2891,17:00,19:00
2892,9:15,10:15
2893,8:00,9:00
2894,8:45,11:45
2895,16:15,19:15
2896,10:00,11:00
2897,16:00,19:00
2898,16:00,18:00
2899,12:15,13:15
2900,14:45,15:45
2901,15:45,17:45
2902,8:00,11:00
2903,15:30,16:30
2904,12:15,13:15
2905,9:00,12:00
2906,8:30,11:30
2907,8:30,11:30
2908,9:45,12:45
2909,11:30,14:30
2910,12:00,13:00
2911,17:15,19:15
2912,11:45,13:45
2913,16:00,19:00
2914,13:30,14:30
2915,12:00,14:00
2916,14:45,16:45
2917,15:45,16:45
2918,17:30,19:30
2919,15:30,17:30
2920,12:30,15:30
2921,15:00,16:00
2922,9:45,12:45
2923,16:45,17:45
2924,15:00,18:00
2925,9:15,12:15
2926,8:30,10:30
2927,8:30,9:30
2928,17:45,19:45
2929,12:45,14:45
2930,9:00,11:00
2931,11:45,12:45
2932,17:15,20:15
2933,14:45,17:45
2934,10:30,12:30
2935,10:45,13:45
2936,13:45,16:45
2937,8:30,11:30
2938,11:15,14:15
2939,15:15,16:15
2940,17:00,19:00
2941,17:15,18:15
2942,9:00,11:00
2943,12:30,15:30
2944,17:00,18:00
2945,9:15,10:15
2946,8:30,9:30
2947,11:15,13:15
2948,13:15,16:15
2949,16:30,17:30
2950,13:30,15:30
2951,17:15,18:15
2952,15:15,16:15
2953,13:15,16:15
2954,12:30,13:30
2955,8:30,10:30
2956,8:15,9:15
2957,11:00,14:00
2958,16:30,18:30
2959,11:00,12:00
2960,8:45,10:45
2961,9:00,11:00
2962,14:00,16:00
2963,11:45,14:45
2964,8:15,11:15
2965,10:15,13:15
2966,15:45,18:45
2967,17:30,18:30
2968,12:15,13:15
2969,9:30,10:30
2970,13:15,16:15
2971,10:45,11:45
2972,17:15,20:15
2973,8:00,11:00
2974,8:15,9:15
2975,16:00,17:00
2976,17:45,20:45
2977,8:45,10:45
2978,10:45,12:45
2979,17:45,18:45
2980,13:00,14:00
2981,17:15,18:15
2982,14:00,15:00
2983,13:45,14:45
2984,17:30,19:30
2985,9:45,11:45
2986,10:15,13:15
2987,13:45,14:45
2988,15:00,18:00
2989,8:15,9:15
2990,11:45,13:45
2991,10:30,12:30
2992,14:45,17:45
2993,10:00,12:00
2994,15:00,18:00
2995,11:15,14:15
2996,12:00,13:00
2997,16:15,18:15
2998,11:45,13:45
2999,13:30,15:30
3000,8:15,9:15
3001,13:15,15:15
3002,15:45,16:45
3003,16:30,17:30
3004,8:30,10:30
3005,15:00,16:00
3006,14:00,17:00
3007,10:00,12:00
3008,13:30,16:30
3009,11:00,14:00
3010,11:15,13:15
3011,14:30,15:30
3012,10:15,12:15
3013,17:30,18:30
3014,13:15,14:15
3015,13:15,14:15
3016,15:15,18:15
3017,12:15,15:15
3018,10:15,13:15
3019,17:30,18:30
3020,12:45,15:45
3021,14:00,15:00
3022,13:00,14:00
3023,11:00,14:00
3024,14:15,15:15
3025,8:15,9:15
3026,10:30,12:30
3027,11:30,14:30
3028,17:45,19:45
3029,15:00,16:00
3030,13:30,16:30
3031,8:00,11:00
3032,14:45,17:45
3033,13:45,15:45
3034,14:00,17:00
3035,8:45,11:45
3036,14:30,17:30
3037,16:15,18:15
3038,14:30,17:30
3039,9:30,10:30
3040,15:15,18:15
3041,9:15,10:15
3042,8:45,11:45
3043,11:15,14:15
3044,16:45,19:45
3045,9:30,10:30
3046,16:45,17:45
3047,11:00,13:00
3048,12:15,14:15
3049,14:30,16:30
3050,11:30,14:30
3051,14:45,17:45
3052,11:00,13:00
3053,14:30,15:30
3054,14:00,15:00
3055,14:30,15:30
3056,11:00,13:00
3057,13:00,16:00
3058,15:00,16:00
3059,16:15,17:15
3060,14:45,15:45
3061,10:45,11:45
3062,16:15,19:15
3063,8:15,10:15
3064,9:30,11:30
3065,9:00,12:00
3066,12:30,14:30
3067,16:30,19:30
3068,9:15,10:15
3069,12:00,14:00
3070,11:45,13:45
3071,17:45,18:45
3072,8:30,10:30
3073,8:15,9:15
3074,10:45,12:45
3075,13:30,14:30
3076,12:30,14:30
3077,8:15,10:15
3078,13:30,16:30
3079,10:00,13:00
3080,11:15,12:15
3081,15:30,18:30
3082,14:45,17:45
3083,13:30,14:30
3084,9:30,11:30
3085,13:15,16:15
3086,14:45,16:45
3087,8:15,9:15
3088,14:30,15:30
3089,8:00,9:00
3090,15:45,16:45
3091,8:15,9:15
3092,14:30,17:30
3093,15:45,18:45
3094,14:15,15:15
3095,13:00,16:00
3096,14:00,17:00
3097,11:00,13:00
3098,8:15,10:15
3099,12:45,13:45
3100,16:30,19:30
3101,8:30,9:30
3102,11:45,13:45
3103,12:45,14:45
3104,8:45,11:45
3105,12:45,15:45
3106,11:00,12:00
3107,11:45,14:45
3108,13:15,15:15
3109,15:00,17:00
3110,13:45,15:45
3111,9:45,12:45
3112,12:15,14:15
3113,11:00,13:00
3114,11:00,12:00
3115,12:00,13:00
3116,8:00,9:00
3117,11:00,12:00
3118,13:30,14:30
3119,13:15,15:15
3120,8:00,9:00
3121,10:45,11:45
3122,12:45,14:45
3123,15:45,16:45
3124,11:45,13:45
3125,12:00,14:00
3126,15:00,16:00
3127,16:45,18:45
3128,11:30,13:30
3129,13:30,16:30
3130,14:15,17:15
3131,8:45,10:45
3132,9:45,10:45
3133,12:00,15:00
3134,14:45,15:45
3135,15:15,18:15
3136,13:00,14:00
3137,8:00,11:00
3138,14:45,16:45
3139,8:00,10:00
3140,15:15,16:15
3141,10:30,11:30
3142,9:15,11:15
3143,8:15,11:15
3144,14:45,15:45
3145,15:45,17:45
3146,17:45,19:45
3147,15:15,18:15
3148,12:15,13:15
3149,9:30,10:30
3150,16:00,19:00
3151,17:30,19:30
3152,11:45,12:45
3153,17:00,19:00
3154,8:45,9:45
3155,11:00,14:00
3156,12:30,15:30
3157,14:15,16:15
3158,11:30,14:30
3159,14:00,15:00
3160,17:15,20:15
3161,15:45,18:45
3162,8:45,9:45
3163,12:45,13:45
3164,13:00,16:00
3165,8:15,10:15
3166,8:45,10:45
3167,8:30,11:30
3168,13:15,16:15
3169,17:00,20:00
3170,17:30,18:30
3171,13:15,16:15
3172,16:30,19:30
3173,15:15,16:15
3174,12:45,15:45
3175,16:30,19:30
3176,9:00,11:00
3177,11:30,12:30
3178,9:15,12:15
3179,8:45,11:45
3180,17:15,20:15
3181,11:15,14:15
3182,12:45,14:45
3183,14:45,15:45
3184,15:45,17:45
3185,16:15,17:15
3186,12:00,15:00
3187,12:00,15:00
3188,10:30,12:30
3189,9:45,12:45
3190,8:30,9:30
3191,13:15,15:15
3192,17:00,18:00
3193,8:30,10:30
3194,13:00,14:00
3195,12:45,14:45
3196,12:30,14:30
3197,17:15,18:15
3198,15:15,17:15
3199,10:45,12:45
3200,14:00,15:00
3201,10:00,13:00
3202,16:45,17:45
3203,15:30,17:30
3204,10:15,11:15
3205,14:00,16:00
3206,15:30,17:30
3207,8:15,9:15
3208,13:30,16:30
3209,15:15,16:15
3210,11:30,14:30
3211,13:45,15:45
3212,12:45,15:45
3213,10:00,11:00
3214,13:45,16:45
3215,17:45,19:45
3216,16:15,17:15
3217,9:00,10:00
3218,16:30,19:30
3219,9:15,11:15
3220,8:15,10:15
3221,11:15,13:15
3222,13:15,14:15
3223,11:15,14:15
3224,10:30,13:30
3225,9:00,11:00
3226,17:45,18:45
3227,16:00,18:00
3228,15:00,17:00
3229,16:15,17:15
3230,11:00,13:00
3231,13:45,14:45
3232,9:00,12:00
3233,11:45,14:45
3234,13:45,16:45
3235,13:15,15:15
3236,12:45,13:45
3237,14:00,15:00
3238,15:15,18:15
3239,12:45,14:45
3240,11:00,14:00
3241,10:30,11:30
3242,15:45,18:45
3243,17:45,20:45
3244,10:15,13:15
3245,13:15,15:15
3246,11:45,13:45
3247,11:00,12:00
3248,13:00,16:00
3249,9:00,10:00
3250,10:15,13:15
3251,12:45,15:45
3252,13:45,15:45
3253,13:30,14:30
3254,9:15,10:15
3255,10:30,11:30
3256,15:15,18:15
3257,12:45,13:45
3258,16:15,18:15
3259,15:00,17:00
3260,11:15,12:15
3261,8:45,9:45
3262,16:45,19:45
3263,17:30,18:30
3264,13:15,15:15
3265,15:45,18:45
3266,8:45,9:45
3267,11:30,12:30
3268,9:15,10:15
3269,10:15,11:15
3270,11:00,13:00
3271,9:45,11:45
3272,10:00,12:00
3273,14:30,17:30
3274,8:15,11:15
3275,12:45,14:45
3276,11:15,13:15
3277,15:30,18:30
3278,9:30,10:30
3279,12:15,14:15
3280,10:30,11:30
3281,17:45,18:45
3282,17:00,18:00
3283,8:00,9:00
3284,9:45,12:45
3285,15:00,18:00
3286,14:45,16:45
3287,12:15,13:15
3288,9:00,10:00
3289,14:00,16:00
3290,8:00,11:00
3291,11:30,13:30
3292,14:15,15:15
3293,13:00,14:00
3294,11:45,12:45
3295,14:45,15:45
3296,9:15,10:15
3297,10:45,13:45
3298,11:00,12:00
3299,16:30,17:30
3300,9:30,10:30
3301,8:30,11:30
3302,14:45,15:45
3303,12:30,13:30
3304,17:15,20:15
3305,13:45,15:45
3306,14:30,17:30
3307,10:00,11:00
3308,9:45,10:45
3309,16:45,18:45
3310,12:15,15:15
3311,11:45,14:45
3312,15:45,18:45
3313,11:30,14:30
3314,14:30,15:30
3315,10:15,12:15
3316,13:30,15:30
3317,9:45,10:45
3318,13:45,14:45
3319,15:00,18:00
3320,9:45,12:45
3321,15:45,16:45
3322,8:00,10:00
3323,17:00,18:00
3324,9:30,10:30
3325,11:45,13:45
3326,8:00,10:00
3327,13:15,14:15
3328,11:45,12:45
3329,11:00,12:00
3330,11:30,14:30
3331,12:00,15:00
3332,16:45,18:45
3333,17:00,18:00
3334,11:00,12:00
3335,16:45,18:45
3336,8:30,10:30
3337,8:15,10:15
3338,16:15,18:15
3339,11:00,13:00
3340,12:45,15:45
3341,17:45,18:45
3342,13:00,14:00
3343,8:15,10:15
3344,15:00,18:00
3345,16:15,18:15
3346,10:15,11:15
3347,13:30,15:30
3348,11:15,14:15
3349,15:00,17:00
3350,13:00,16:00
3351,12:00,13:00
3352,8:30,10:30
3353,17:45,20:45
3354,17:30,19:30
3355,10:15,13:15
3356,13:15,14:15
3357,16:00,18:00
3358,14:15,16:15
3359,10:15,11:15
3360,8:15,10:15
3361,11:00,14:00
3362,12:30,13:30
3363,9:30,11:30
3364,10:00,13:00
3365,8:30,10:30
3366,14:00,17:00
3367,8:45,11:45
3368,16:15,18:15
3369,14:30,17:30
3370,10:30,13:30
3371,12:45,13:45
3372,13:30,15:30
3373,16:00,19:00
3374,17:30,20:30
3375,13:30,16:30
3376,10:30,11:30
3377,17:45,18:45
3378,16:15,18:15
3379,9:00,12:00
3380,8:30,9:30
3381,15:00,18:00
3382,12:30,14:30
3383,9:45,10:45
3384,9:45,11:45
3385,17:45,20:45
3386,11:45,14:45
3387,15:15,18:15
3388,8:45,10:45
3389,8:30,9:30
3390,8:00,9:00
3391,17:30,18:30
3392,13:00,15:00
3393,16:30,18:30
3394,9:30,12:30
3395,8:45,11:45
3396,13:15,14:15
3397,17:00,18:00
3398,17:00,20:00
3399,12:15,13:15
3400,14:45,15:45
3401,9:45,10:45
3402,9:00,10:00
3403,9:00,11:00
3404,11:15,14:15
3405,10:15,11:15
3406,14:00,17:00
3407,16:30,18:30
3408,9:15,12:15
3409,15:30,17:30
3410,14:45,17:45
3411,12:00,13:00
3412,8:45,11:45
3413,17:30,18:30
3414,12:15,14:15
3415,15:00,17:00
3416,14:00,15:00
3417,12:30,15:30
3418,11:00,14:00
3419,11:00,13:00
3420,15:45,17:45
3421,15:15,18:15
3422,13:30,14:30
3423,8:15,10:15
3424,12:45,15:45
3425,15:30,16:30
3426,8:00,10:00
3427,10:45,11:45
3428,8:30,11:30
3429,12:30,15:30
3430,9:45,12:45
3431,10:00,12:00
3432,8:15,9:15
3433,8:00,10:00
3434,12:30,14:30
3435,16:00,18:00
3436,9:45,12:45
3437,13:00,15:00
3438,11:00,13:00
3439,14:30,17:30
3440,14:30,15:30
3441,15:45,17:45
3442,12:15,15:15
3443,9:00,10:00
3444,14:45,16:45
3445,12:15,15:15
3446,16:30,17:30
3447,17:15,18:15
3448,12:45,15:45
3449,14:00,16:00
3450,12:30,14:30
3451,16:00,19:00
3452,13:15,16:15
3453,11:00,12:00
3454,10:15,12:15
3455,17:30,20:30
3456,14:15,16:15
3457,17:45,18:45
3458,8:30,11:30
3459,13:30,15:30
3460,10:15,13:15
3461,12:00,14:00
3462,14:00,15:00
3463,10:30,12:30
3464,12:15,13:15
3465,8:00,9:00
3466,16:45,18:45
3467,12:30,15:30
3468,12:45,15:45
3469,16:45,17:45
3470,12:15,15:15
3471,17:45,18:45
3472,12:30,15:30
3473,8:45,9:45
3474,13:45,16:45
3475,13:00,15:00
3476,15:45,17:45
3477,8:45,11:45
3478,17:30,18:30
3479,9:15,12:15
3480,12:45,13:45
3481,17:45,18:45
3482,16:30,18:30
3483,11:00,12:00
3484,9:30,12:30
3485,15:15,18:15
3486,15:15,16:15
3487,15:15,16:15
3488,11:15,12:15
3489,15:00,17:00
3490,12:15,14:15
3491,9:45,11:45
3492,9:00,11:00
3493,14:15,17:15
3494,17:30,20:30
3495,9:00,10:00
3496,9:30,12:30
3497,16:30,19:30
3498,15:30,17:30
3499,15:30,16:30
3500,11:15,13:15
3501,15:45,18:45
3502,10:15,12:15
3503,15:00,17:00
3504,9:45,10:45
3505,17:15,19:15
3506,15:30,16:30
3507,10:15,12:15
3508,10:15,12:15
3509,8:30,9:30
3510,9:45,12:45
3511,12:30,13:30
3512,15:00,18:00
3513,10:45,13:45
3514,10:30,13:30
3515,9:30,11:30
3516,8:45,11:45
3517,17:00,18:00
3518,8:45,11:45
3519,12:30,14:30
3520,9:45,12:45
3521,9:00,12:00
3522,16:15,17:15
3523,10:30,13:30
3524,13:15,14:15
3525,10:00,11:00
3526,15:00,17:00
3527,15:00,16:00
3528,9:30,12:30
3529,8:15,11:15
3530,14:00,17:00
3531,14:30,17:30
3532,16:15,19:15
3533,15:15,16:15
3534,15:00,18:00
3535,12:45,13:45
3536,10:15,11:15
3537,10:15,12:15
3538,8:45,9:45
3539,8:45,9:45
3540,12:15,13:15
3541,10:45,12:45
3542,8:30,11:30
3543,14:00,15:00
3544,12:15,14:15
3545,13:15,15:15
3546,8:00,10:00
3547,10:45,12:45
3548,8:45,11:45
3549,8:00,10:00
3550,17:15,20:15
3551,15:45,18:45
3552,15:15,17:15
3553,10:15,11:15
3554,8:45,10:45
3555,16:45,17:45
3556,16:45,17:45
3557,11:00,13:00
3558,12:30,14:30
3559,12:00,13:00
3560,14:00,15:00
3561,10:30,12:30
3562,9:00,12:00
3563,14:00,16:00
3564,12:15,15:15
3565,14:45,15:45
3566,12:15,14:15
3567,13:30,16:30
3568,10:15,12:15
3569,11:00,13:00
3570,14:15,15:15
3571,8:15,10:15
3572,8:00,9:00
3573,14:30,16:30
3574,9:15,11:15
3575,10:00,12:00
3576,16:00,19:00
3577,12:45,13:45
3578,16:30,17:30
3579,10:00,11:00
3580,10:45,13:45
3581,13:30,15:30
3582,14:30,15:30
3583,8:45,9:45
3584,11:00,13:00
3585,8:15,10:15
3586,16:00,18:00
3587,13:45,15:45
3588,14:30,16:30
3589,16:30,17:30
3590,8:30,11:30
3591,14:00,15:00
3592,14:30,15:30
3593,12:00,14:00
3594,16:45,18:45
3595,14:00,17:00
3596,17:30,18:30
3597,10:00,12:00
3598,14:45,17:45
3599,17:30,20:30
3600,11:00,13:00
3601,17:45,20:45
3602,17:30,20:30
3603,15:45,17:45
3604,13:30,15:30
3605,10:15,12:15
3606,15:15,16:15
3607,9:00,10:00
3608,10:00,11:00
3609,15:45,18:45
3610,15:45,18:45
3611,9:15,11:15
3612,15:45,18:45
3613,14:00,17:00
3614,12:30,14:30
3615,17:30,20:30
3616,14:45,17:45
3617,12:00,13:00
3618,16:00,18:00
3619,13:15,14:15
3620,9:45,11:45
3621,10:15,12:15
3622,10:15,13:15
3623,16:15,17:15
3624,8:45,9:45
3625,16:30,18:30
3626,14:30,16:30
3627,12:00,14:00
3628,14:45,16:45
3629,14:15,17:15
3630,17:30,19:30
3631,14:00,15:00
3632,10:45,11:45
3633,14:45,17:45
3634,9:45,10:45
3635,10:30,13:30
3636,16:15,17:15
3637,17:15,20:15
3638,8:30,10:30
3639,16:00,19:00
3640,9:30,12:30
3641,12:30,15:30
3642,15:15,18:15
3643,9:30,12:30
3644,16:00,17:00
3645,12:45,15:45
3646,15:15,18:15
3647,8:00,11:00
3648,8:45,11:45
3649,13:15,16:15
3650,10:45,11:45
3651,16:15,17:15
3652,8:00,9:00
3653,9:30,12:30
3654,14:45,15:45
3655,13:30,16:30
3656,14:15,17:15
3657,17:45,19:45
3658,17:00,19:00
3659,17:00,19:00
3660,15:15,16:15
3661,13:30,14:30
3662,15:15,16:15
3663,8:15,9:15
3664,11:45,12:45
3665,15:45,16:45
3666,14:45,16:45
3667,17:30,19:30
3668,13:45,14:45
3669,17:45,18:45
3670,13:45,15:45
3671,14:45,16:45
3672,16:45,19:45
3673,16:15,17:15
3674,14:00,15:00
3675,9:30,10:30
3676,16:30,17:30
3677,15:45,18:45
3678,9:30,10:30
3679,14:45,15:45
3680,14:15,16:15
3681,8:00,11:00
3682,8:30,10:30
3683,12:45,15:45
3684,17:30,20:30
3685,17:00,19:00
3686,10:15,12:15
3687,9:15,10:15
3688,8:15,9:15
3689,15:30,17:30
3690,9:30,12:30
3691,10:30,13:30
3692,15:30,18:30
3693,9:00,11:00
3694,17:00,19:00
3695,10:45,12:45
3696,16:15,17:15
3697,16:00,17:00
3698,14:15,17:15
3699,14:15,15:15
3700,10:15,13:15
3701,16:00,18:00
3702,8:30,9:30
3703,10:00,11:00
3704,9:15,11:15
3705,13:45,15:45
3706,12:30,14:30
3707,11:30,12:30
3708,9:30,11:30
3709,9:15,11:15
3710,9:45,10:45
3711,14:00,17:00
3712,10:45,12:45
3713,14:30,15:30
3714,11:15,14:15
3715,14:00,17:00
3716,8:00,10:00
3717,11:00,14:00
3718,11:15,13:15
3719,10:00,12:00
3720,14:30,16:30
3721,15:00,16:00
3722,11:30,13:30
3723,8:15,11:15
3724,16:00,18:00
3725,12:15,13:15
3726,10:15,12:15
3727,12:30,14:30
3728,10:30,12:30
3729,11:00,13:00
3730,17:30,19:30
3731,17:45,19:45
3732,15:15,18:15
3733,17:00,20:00
3734,15:45,17:45
3735,14:30,17:30
3736,8:30,10:30
3737,11:00,13:00
3738,15:15,16:15
3739,8:00,10:00
3740,12:15,13:15
3741,10:00,12:00
3742,16:00,19:00
3743,13:15,14:15
3744,13:45,16:45
3745,16:30,18:30
3746,12:30,14:30
3747,14:15,16:15
3748,9:15,11:15
3749,9:15,10:15
3750,17:30,19:30
3751,14:30,17:30
3752,10:30,12:30
3753,17:45,18:45
3754,15:15,18:15
3755,10:15,13:15
3756,10:15,11:15
3757,8:45,11:45
3758,13:45,15:45
3759,13:00,14:00
3760,14:15,17:15
3761,11:15,13:15
3762,9:00,11:00
3763,9:45,10:45
3764,16:45,17:45
3765,9:00,12:00
3766,17:00,20:00
3767,10:15,13:15
3768,15:45,17:45
3769,14:30,16:30
3770,10:15,12:15
3771,12:45,15:45
3772,11:45,12:45
3773,8:45,10:45
3774,8:00,10:00
3775,17:00,19:00
3776,14:30,15:30
3777,12:45,13:45
3778,8:00,10:00
3779,12:45,15:45
3780,16:45,19:45
3781,8:30,10:30
3782,8:45,10:45
3783,13:45,16:45
3784,12:45,15:45
3785,14:00,15:00
3786,12:15,15:15
3787,17:45,20:45
3788,12:00,14:00
3789,9:30,10:30
3790,16:45,18:45
3791,12:45,14:45
3792,10:15,11:15
3793,11:30,13:30
3794,8:30,9:30
3795,9:45,10:45
3796,17:45,18:45
3797,9:15,12:15
3798,16:00,17:00
3799,10:15,11:15
3800,9:15,12:15
3801,11:45,13:45
3802,10:15,12:15
3803,12:00,13:00
3804,16:45,17:45
3805,8:15,11:15
3806,10:00,13:00
3807,12:15,15:15
3808,15:45,17:45
3809,16:15,19:15
3810,14:45,15:45
3811,14:15,15:15
3812,15:15,18:15
3813,15:00,17:00
3814,12:15,15:15
3815,15:15,17:15
3816,16:30,18:30
3817,12:45,15:45
3818,11:15,12:15
3819,9:30,10:30
3820,10:00,12:00
3821,8:00,11:00
3822,10:15,12:15
3823,9:45,10:45
3824,13:45,15:45
3825,13:15,15:15
3826,17:15,20:15
3827,10:45,13:45
3828,14:45,15:45
3829,8:15,10:15
3830,16:30,17:30
3831,8:00,10:00
3832,14:00,16:00
3833,11:00,13:00
3834,12:00,15:00
3835,9:45,11:45
3836,14:45,16:45
3837,13:00,14:00
3838,15:15,17:15
3839,17:45,20:45
3840,10:45,13:45
3841,14:00,16:00
3842,9:30,11:30
3843,16:15,17:15
3844,11:15,12:15
3845,8:15,11:15
3846,10:00,13:00
3847,15:15,16:15
3848,10:15,12:15
3849,15:00,17:00
3850,11:00,13:00
3851,13:30,16:30
3852,17:00,20:00
3853,17:15,20:15
3854,13:45,14:45
3855,11:30,12:30
3856,9:00,10:00
3857,17:30,20:30
3858,13:30,15:30
3859,15:30,16:30
3860,9:00,12:00
3861,9:00,10:00
3862,17:15,19:15
3863,12:30,13:30
3864,17:45,18:45
3865,17:00,20:00
3866,14:00,15:00
3867,8:00,11:00
3868,16:00,19:00
3869,13:30,14:30
3870,13:00,14:00
3871,10:30,11:30
3872,9:45,10:45
3873,10:45,13:45
3874,14:00,15:00
3875,12:30,15:30
3876,17:00,19:00
3877,9:30,11:30
3878,15:00,17:00
3879,8:30,10:30
3880,14:30,16:30
3881,11:45,14:45
3882,16:30,19:30
3883,12:30,13:30
3884,17:45,19:45
3885,8:30,10:30
3886,12:45,15:45
3887,13:30,15:30
3888,15:15,17:15
3889,12:45,15:45
3890,16:30,18:30
3891,12:00,13:00
3892,9:00,10:00
3893,8:00,11:00
3894,11:30,13:30
3895,17:15,19:15
3896,16:00,19:00
3897,15:15,18:15
3898,9:00,12:00
3899,17:30,18:30
3900,8:15,11:15
3901,13:00,16:00
3902,15:45,16:45
3903,13:30,16:30
3904,8:30,11:30
3905,9:00,10:00
3906,16:00,17:00
3907,13:00,14:00
3908,14:15,15:15
3909,11:30,14:30
3910,13:30,15:30
3911,13:00,15:00
3912,17:30,20:30
3913,9:45,11:45
3914,9:30,10:30
3915,16:30,17:30
3916,8:00,10:00
3917,9:45,11:45
3918,10:45,12:45
3919,15:00,16:00
3920,15:30,17:30
3921,9:00,11:00
3922,13:15,15:15
3923,8:00,10:00
3924,16:45,18:45
3925,9:00,10:00
3926,16:30,17:30
3927,11:00,13:00
3928,9:45,11:45
3929,14:30,15:30
3930,16:00,17:00
3931,11:00,14:00
3932,15:45,16:45
3933,17:00,19:00
3934,13:15,16:15
3935,12:45,15:45
3936,11:15,14:15
3937,11:30,13:30
3938,10:15,11:15
3939,8:15,9:15
3940,16:00,18:00
3941,8:00,9:00
3942,10:15,13:15
3943,17:30,19:30
3944,14:00,17:00
3945,10:15,11:15
3946,17:00,20:00
3947,13:30,16:30
3948,14:15,16:15
3949,8:45,9:45
3950,11:15,13:15
3951,12:15,15:15
3952,11:45,12:45
3953,9:30,12:30
3954,17:45,18:45
3955,12:15,13:15
3956,16:00,19:00
3957,13:15,15:15
3958,9:15,12:15
3959,16:30,18:30
3960,15:30,18:30
3961,8:15,9:15
3962,12:15,15:15
3963,9:30,10:30
3964,9:30,12:30
3965,12:00,14:00
3966,16:30,17:30
3967,17:15,18:15
3968,12:15,14:15
3969,10:15,12:15
3970,17:30,19:30
3971,12:30,14:30
3972,17:15,19:15
3973,15:00,16:00
3974,16:45,19:45
3975,8:45,10:45
3976,11:15,12:15
3977,11:15,13:15
3978,13:00,15:00
3979,11:15,13:15
3980,13:30,16:30
3981,13:30,15:30
3982,10:45,11:45
3983,15:30,16:30
3984,10:00,13:00
3985,10:30,13:30
3986,8:00,11:00
3987,16:00,19:00
3988,9:45,10:45
3989,10:00,12:00
3990,17:45,19:45
3991,8:15,11:15
3992,10:00,11:00
3993,9:15,10:15
3994,16:30,17:30
3995,12:30,14:30
3996,15:00,18:00
3997,14:30,15:30
3998,16:30,19:30
3999,9:15,11:15
