subjectID,instructorID,translatorID,languageID,meetingMode
37,389,228,11,2
24,176,561,58,3
37,474,766,47,1
38,380,727,17,2
25,954,598,27,2
36,520,564,48,4
30,129,645,8,4
5,721,967,50,4
10,210,285,35,3
36,896,425,18,3
28,892,598,20,4
19,978,359,14,2
18,630,425,67,1
30,21,918,8,4
20,927,755,49,4
33,926,756,10,4
32,98,479,14,1
3,60,755,8,2
44,909,361,44,3
2,164,680,59,3
13,169,564,48,1
28,256,319,7,2
1,521,818,41,4
13,492,285,54,1
40,510,895,64,2
11,204,880,30,2
40,774,416,43,1
43,257,542,56,3
41,725,371,64,4
37,268,880,55,2
27,903,335,9,3
1,835,727,17,2
37,738,818,32,4
15,260,699,48,4
9,613,481,3,1
2,504,782,50,1
33,795,231,25,3
20,405,335,9,2
18,591,668,37,2
9,531,749,43,3
18,380,961,20,2
17,200,858,32,4
21,685,940,2,4
25,28,335,14,3
22,57,264,56,2
20,200,127,32,1
3,90,973,59,2
44,145,127,32,2
14,593,756,10,2
32,432,568,30,1
44,938,680,36,4
16,70,416,53,1
28,364,154,2,2
5,681,416,61,3
10,249,542,63,3
10,551,25,52,1
20,825,226,18,4
15,628,668,37,3
13,34,961,51,2
26,67,127,32,3
23,939,92,18,1
19,868,371,64,4
20,167,711,47,4
42,181,564,48,2
21,832,880,11,3
31,829,442,31,4
1,31,371,31,4
33,121,154,2,3
10,451,255,53,1
21,403,699,48,4
34,71,54,27,3
41,708,318,24,3
10,885,561,58,2
14,715,657,37,3
39,792,178,49,2
30,13,439,19,1
42,868,499,14,4
25,341,749,29,1
14,58,511,34,2
6,823,880,11,2
14,195,371,64,1
3,369,564,48,4
9,923,564,48,3
2,550,110,60,3
36,168,481,3,4
8,373,230,28,2
45,446,766,47,4
43,133,479,13,1
39,262,973,59,3
11,223,961,21,3
17,687,178,49,3
6,376,727,17,3
9,493,568,30,2
34,368,324,28,2
43,283,421,51,1
40,606,255,53,2
30,29,152,29,1
9,528,488,29,1
36,901,918,53,2
36,820,152,29,3
38,28,594,29,1
33,2,372,40,1
40,134,940,2,4
27,799,766,47,3
8,865,439,16,2
34,840,264,13,1
16,903,255,53,2
14,646,430,68,2
14,857,866,51,3
38,891,924,1,2
12,617,940,2,3
36,185,711,22,4
29,536,374,53,1
37,770,918,53,3
36,747,359,51,2
7,314,542,61,2
26,981,558,62,4
31,879,324,28,4
30,109,525,68,3
32,550,385,8,2
1,746,859,47,1
42,342,657,37,1
36,893,359,51,3
39,578,503,64,1
39,245,703,62,4
44,171,54,27,4
22,893,231,4,1
22,654,152,44,2
9,862,568,30,2
10,737,756,10,2
2,120,421,60,3
37,515,749,29,3
3,190,859,67,4
23,94,756,10,2
5,741,621,7,2
16,779,110,34,3
28,790,895,7,4
10,209,226,18,1
38,799,858,32,1
10,534,940,2,4
29,21,548,44,1
28,218,421,6,2
23,398,421,6,2
33,606,621,31,4
4,112,793,67,2
11,305,178,48,1
33,55,733,1,3
4,69,749,29,1
15,894,859,47,1
1,808,443,1,4
21,337,449,50,2
16,746,318,41,4
29,400,880,30,3
8,232,416,53,1
31,276,525,57,2
37,120,680,59,4
29,161,481,3,4
6,724,318,25,2
19,771,924,1,1
41,897,439,16,4
11,529,345,45,4
38,819,818,37,2
31,410,867,25,4
27,701,319,7,2
22,404,285,54,4
21,399,372,30,2
34,836,918,22,2
18,97,385,28,4
20,344,711,47,3
24,302,318,57,2
29,393,65,9,2
7,496,499,55,2
41,986,154,8,2
44,983,645,34,1
29,55,645,10,2
3,798,443,15,2
6,790,766,47,3
43,854,961,20,3
18,151,264,25,3
12,60,657,37,2
23,222,858,43,2
38,877,449,50,3
31,876,345,45,3
13,854,699,48,4
25,144,918,53,1
22,417,500,15,2
32,149,65,9,4
36,329,568,30,1
28,16,558,36,2
45,315,25,52,4
30,862,221,47,2
44,878,372,30,3
24,501,733,58,2
20,509,500,4,3
6,751,775,66,3
16,718,481,3,3
25,712,597,11,2
1,125,900,13,1
6,291,372,37,3
16,570,189,42,2
4,534,895,7,2
43,270,17,53,1
6,440,361,44,3
25,204,940,51,2
32,491,226,29,4
23,910,221,9,4
24,707,481,3,4
11,237,385,28,3
33,687,442,31,3
36,932,668,37,3
22,676,65,9,2
28,100,127,38,1
11,317,973,43,3
44,676,788,20,2
6,923,727,17,2
32,109,636,64,3
17,962,918,22,1
13,574,335,14,1
16,914,749,43,4
7,10,561,58,1
17,792,228,11,1
27,660,319,7,1
29,258,479,22,3
31,151,858,43,4
39,97,859,47,4
8,495,110,34,1
20,930,924,1,1
44,282,318,57,1
1,543,324,7,3
44,174,25,52,1
9,214,479,14,3
17,280,348,8,1
15,778,127,38,2
3,851,152,44,1
24,103,25,52,4
41,489,568,30,2
39,66,255,53,3
43,182,178,49,4
39,74,307,8,4
29,293,189,46,2
37,347,178,49,1
6,50,439,16,4
39,135,755,17,4
1,629,542,63,2
29,310,499,55,1
19,763,987,64,3
10,955,65,9,2
33,847,308,47,4
15,661,152,29,2
31,799,255,53,2
3,723,17,53,3
31,623,727,17,1
12,950,895,64,1
1,792,110,34,2
21,612,379,44,1
25,717,178,48,4
18,100,449,50,2
42,705,488,29,3
38,965,561,58,3
35,431,17,53,3
14,926,335,14,2
8,651,918,8,1
38,744,127,38,3
1,790,439,19,1
11,969,867,25,4
22,465,425,52,4
26,806,657,37,3
39,957,264,13,1
37,35,636,64,3
7,894,645,34,4
30,825,727,17,2
5,187,872,17,3
32,336,858,32,4
37,320,636,64,3
37,21,598,27,3
5,135,749,43,2
10,105,25,52,4
45,476,987,18,4
14,78,230,35,1
20,212,558,62,4
28,44,961,20,4
15,688,481,3,2
12,363,449,50,2
37,3,318,41,1
10,690,319,2,3
2,431,374,53,1
39,373,54,21,2
43,206,597,33,3
32,124,895,7,4
41,877,307,8,1
21,461,867,25,2
19,681,348,34,1
24,402,756,10,1
26,2,488,29,2
23,695,895,17,1
17,8,499,55,1
21,254,788,20,1
10,157,558,36,4
2,935,442,31,2
7,760,228,24,2
13,403,594,29,1
34,164,449,50,2
39,116,542,56,2
33,572,645,10,1
1,451,636,64,2
21,635,561,58,1
39,795,987,64,2
17,409,255,53,1
30,946,818,32,3
23,148,866,51,2
39,649,866,47,3
5,94,439,16,4
28,349,228,11,1
11,908,924,1,3
34,903,324,7,4
26,575,324,7,1
44,538,859,67,1
33,785,449,50,2
25,78,657,37,2
33,743,500,4,2
45,672,858,43,2
39,71,645,34,1
18,195,371,66,1
1,957,858,32,2
36,311,374,53,4
30,210,793,8,4
40,744,818,36,3
33,98,318,24,4
40,159,499,43,1
21,743,727,17,2
36,994,918,53,3
8,536,755,49,4
13,363,924,1,2
12,970,924,1,4
1,354,285,65,2
12,99,900,13,1
9,512,154,33,1
35,463,379,44,4
28,553,231,4,2
33,209,755,8,1
41,215,442,31,4
33,977,967,9,2
3,731,880,11,4
7,508,430,68,3
34,917,359,47,4
6,397,307,8,3
12,646,499,43,4
37,151,361,67,2
18,816,308,59,4
44,3,416,43,4
44,865,443,12,4
7,504,511,53,2
29,237,924,1,4
37,424,711,22,4
14,88,961,21,1
37,800,381,6,4
19,136,255,53,4
34,476,859,47,3
38,617,226,18,1
43,534,961,13,1
40,427,859,47,1
4,31,319,7,3
45,369,348,8,2
27,37,756,10,1
20,799,834,31,2
8,741,900,13,1
43,884,766,47,1
41,119,372,37,1
16,369,110,5,2
41,470,940,2,3
29,970,755,49,4
5,497,668,37,4
4,111,439,16,4
23,52,449,50,2
42,150,749,2,2
7,623,154,8,2
34,907,374,53,1
22,399,308,47,3
19,718,488,29,1
1,786,727,17,1
15,56,152,29,3
43,541,425,67,2
31,296,749,43,2
28,643,598,6,4
41,665,92,53,3
9,408,449,50,4
26,758,385,28,4
15,534,228,11,2
17,644,594,29,4
33,515,645,10,2
16,930,858,43,4
45,889,911,25,3
27,805,598,27,4
23,427,793,18,4
32,117,594,29,2
28,36,231,4,1
20,965,110,5,1
6,403,255,53,3
16,90,880,30,2
34,188,542,61,3
33,614,961,51,1
45,99,54,21,3
32,470,699,48,1
44,917,645,10,4
31,563,65,9,2
6,630,264,56,3
19,159,500,15,2
44,721,385,33,3
16,145,324,51,1
1,203,711,31,4
1,982,430,68,3
32,757,443,12,1
4,390,479,14,2
6,907,561,58,3
42,868,385,5,2
43,11,645,34,4
19,553,900,13,4
22,958,866,47,1
23,625,335,14,4
13,833,558,36,1
40,7,548,58,3
28,743,911,25,3
44,696,834,47,3
32,27,17,22,1
11,772,525,66,2
25,701,598,20,2
36,280,178,48,4
44,560,228,24,4
29,349,154,2,1
4,108,733,58,1
10,93,699,48,4
14,424,499,43,4
45,877,598,6,3
23,203,657,37,2
2,200,597,11,3
44,588,488,29,4
28,357,967,39,3
35,916,756,10,1
29,837,152,44,4
10,550,152,29,1
2,183,775,65,4
32,767,564,48,1
39,978,636,64,1
30,244,880,30,2
4,271,680,59,2
41,279,793,8,1
32,578,285,35,1
9,355,479,22,3
36,690,226,29,3
32,368,25,52,2
25,222,189,46,2
18,97,793,18,4
22,832,871,28,4
21,813,636,64,3
24,630,230,35,2
43,595,500,4,1
35,233,481,3,4
4,798,561,58,1
17,29,92,11,3
41,630,911,25,3
30,865,359,14,2
42,655,385,33,3
43,151,866,47,3
37,988,598,20,2
38,893,359,47,2
9,37,558,62,2
3,659,443,15,2
15,286,308,47,1
16,432,307,8,2
12,394,374,53,1
41,560,527,35,3
41,787,285,54,3
14,502,226,18,4
29,161,481,3,4
30,486,425,67,1
33,193,231,4,3
15,434,221,47,1
12,31,668,37,4
3,681,782,50,2
36,783,319,7,4
42,666,449,50,2
17,39,594,29,4
11,364,54,27,4
45,524,308,47,1
19,118,65,9,2
6,926,178,48,3
29,67,564,48,2
45,116,871,28,1
22,117,918,8,4
10,601,987,18,4
44,161,900,13,3
27,161,766,47,2
41,536,348,14,1
41,653,264,51,1
12,153,231,19,3
20,839,940,41,4
21,337,503,14,1
45,404,324,28,4
21,529,756,10,1
25,194,319,2,4
3,102,872,9,3
44,779,594,29,3
15,698,727,17,1
15,211,425,18,2
36,296,924,1,1
28,174,264,51,3
17,436,499,55,2
44,540,421,6,3
41,676,425,67,3
17,447,454,14,2
28,612,481,3,3
18,350,859,47,2
8,458,152,44,2
8,414,940,21,1
27,114,481,3,2
1,380,924,1,1
12,896,527,35,3
5,52,189,1,4
7,540,381,65,2
26,694,54,27,4
19,8,703,62,4
12,552,961,21,3
35,169,727,17,1
9,656,967,9,3
33,67,385,5,4
6,938,867,25,3
27,22,264,56,1
6,884,558,36,3
23,93,598,6,3
16,528,657,37,3
23,927,345,45,4
35,107,703,62,3
27,763,381,6,4
24,650,911,25,4
20,635,318,25,2
18,263,421,6,2
32,665,307,8,2
44,196,500,4,2
2,683,597,42,1
14,140,488,29,3
22,750,711,47,4
23,694,308,47,4
42,970,871,54,4
19,210,345,45,1
4,851,558,36,2
42,46,749,29,3
2,41,324,51,1
14,171,645,8,4
6,44,788,45,3
37,91,967,50,3
16,607,699,48,3
25,972,973,59,3
33,311,645,10,4
17,779,65,9,4
21,484,231,61,2
12,696,594,29,4
28,122,564,48,3
27,26,834,9,2
11,646,749,43,1
23,609,918,8,4
10,201,443,12,3
10,497,867,25,4
7,521,264,56,3
44,957,561,58,1
25,990,324,28,2
44,314,500,15,4
39,835,381,65,3
20,122,727,17,1
6,920,872,9,3
6,202,680,59,4
44,739,987,64,2
14,909,597,52,4
7,717,782,12,3
22,58,372,30,1
9,888,127,38,2
43,71,859,47,4
31,849,858,43,4
34,559,374,53,2
16,349,318,25,4
5,812,189,46,4
2,187,488,29,4
38,786,733,7,4
24,520,318,25,1
24,513,775,2,2
41,330,756,10,2
9,874,594,29,2
27,121,680,36,1
16,201,385,33,4
34,674,65,9,2
23,295,872,7,4
26,101,54,21,3
33,394,871,28,4
44,934,895,7,1
5,12,668,37,2
16,357,867,25,3
43,920,361,40,2
27,769,788,45,3
7,175,379,44,4
43,776,858,32,1
27,771,561,58,4
24,608,430,68,1
33,931,178,48,2
44,342,307,8,3
23,317,594,29,4
36,760,264,13,3
14,719,558,13,3
41,23,481,3,1
14,513,425,52,4
44,702,918,8,2
31,414,307,8,4
34,958,479,14,1
8,874,421,46,1
31,378,733,1,1
44,683,17,22,4
22,962,924,1,3
36,628,987,18,3
32,504,439,16,2
16,13,308,47,1
2,653,371,31,2
32,844,597,11,4
45,470,880,11,2
41,742,782,12,1
10,603,680,36,3
17,175,425,52,2
25,466,65,9,3
37,125,479,13,1
33,248,430,68,3
15,172,872,7,1
1,586,425,18,2
10,690,371,66,1
12,513,859,47,2
24,855,178,49,3
16,132,500,15,2
32,828,416,43,1
14,402,255,53,4
9,452,756,10,2
44,863,911,25,4
45,461,285,54,2
32,249,359,14,1
38,441,703,62,4
38,2,818,32,3
35,666,371,66,1
41,847,703,62,1
23,334,454,14,4
8,971,374,53,3
21,86,152,44,2
13,673,668,37,2
16,20,92,18,3
24,192,307,8,1
11,133,859,47,3
26,243,25,52,3
42,384,127,38,1
39,475,755,49,4
9,309,228,11,3
6,69,228,24,1
36,526,178,48,3
25,463,749,43,3
13,948,703,62,4
29,919,285,35,3
41,899,598,10,1
12,490,880,11,3
36,995,479,22,3
27,575,680,36,4
5,776,911,25,2
35,583,308,47,4
18,273,775,65,4
32,781,733,58,3
15,852,307,8,2
45,277,668,37,1
32,567,17,22,2
35,490,221,16,1
8,22,866,47,2
13,175,924,1,4
32,492,699,48,2
24,784,782,12,1
34,438,421,46,1
24,863,727,17,4
11,521,818,41,4
11,356,703,62,3
8,523,594,29,2
44,955,324,28,1
34,878,782,50,1
4,143,231,4,1
16,942,335,14,4
21,518,25,52,2
34,234,788,45,1
12,137,918,8,4
41,853,488,29,4
33,926,645,10,2
7,825,481,3,3
28,483,110,60,3
36,522,834,9,4
5,11,439,16,2
4,459,766,47,2
3,5,324,43,3
5,998,793,67,4
19,24,558,13,2
35,559,17,22,1
19,982,449,50,3
22,216,558,36,4
36,407,226,29,2
45,752,900,13,4
22,235,319,2,1
41,628,711,22,1
34,958,866,51,2
32,538,345,45,4
31,757,421,46,1
42,560,324,28,1
5,689,775,2,2
21,608,231,4,4
43,696,775,66,2
39,169,92,56,2
20,653,871,54,4
36,886,307,8,2
30,797,421,6,1
2,827,793,18,4
43,599,668,37,4
17,556,703,62,1
24,779,594,29,1
21,891,361,40,1
4,605,834,26,2
43,410,900,13,2
30,926,900,13,2
19,977,866,47,2
1,628,636,64,3
30,981,561,58,1
21,932,880,30,3
2,829,385,8,4
41,94,308,47,1
32,384,548,65,2
32,998,454,66,4
42,507,92,18,4
21,596,324,51,1
8,776,558,62,4
10,398,221,47,1
17,504,308,59,3
34,767,895,64,4
4,707,755,49,1
3,5,834,9,2
33,739,880,55,1
27,767,895,64,2
40,275,425,67,4
2,627,479,47,2
4,125,479,14,1
28,562,880,11,4
12,272,127,32,1
32,521,25,52,4
45,681,918,8,2
1,614,657,37,3
7,856,561,58,3
44,413,880,11,1
18,368,307,8,2
9,102,511,34,4
38,792,381,6,4
11,497,379,44,4
31,689,230,28,4
3,857,782,50,3
36,557,568,30,1
34,215,178,49,3
3,157,872,7,4
23,148,319,7,3
14,608,645,8,1
36,205,221,16,2
42,132,858,32,1
1,309,228,11,3
4,876,439,19,4
3,804,755,17,4
41,397,924,1,1
17,666,967,19,4
13,975,178,48,1
32,654,867,25,3
13,664,221,16,2
28,332,657,37,4
42,663,558,62,3
24,907,499,55,3
25,5,318,41,4
16,245,756,10,2
15,565,564,48,4
40,402,443,12,4
12,59,880,11,2
4,779,756,10,4
18,926,657,37,2
10,16,834,26,1
28,432,25,52,3
37,472,680,47,3
11,277,788,20,2
20,187,967,39,3
14,200,25,52,3
29,43,940,41,4
12,982,503,61,2
4,356,127,38,3
39,129,308,47,1
29,133,680,47,4
22,599,525,68,4
13,847,511,53,4
30,122,503,61,3
31,655,961,13,4
33,87,866,47,1
43,77,221,16,2
24,567,558,13,1
18,857,226,29,2
27,490,527,35,1
10,863,967,19,3
14,120,372,37,1
30,121,385,5,2
35,360,548,58,4
27,146,154,33,3
4,725,859,67,4
13,559,548,44,2
36,490,511,53,1
11,628,668,37,3
2,507,858,43,4
16,99,867,25,3
12,196,499,18,1
5,908,668,37,1
21,219,895,17,1
3,565,481,3,2
2,776,973,14,1
40,943,711,22,1
2,849,228,24,1
3,675,568,30,3
3,365,226,18,4
15,681,488,29,3
15,327,335,9,2
23,509,25,52,2
45,492,416,53,4
15,790,318,41,3
13,81,374,53,4
16,48,127,32,2
26,541,228,24,4
42,614,961,51,3
7,148,597,33,1
23,477,511,53,4
36,686,348,14,1
21,94,361,44,2
44,520,818,37,3
40,914,987,64,2
22,452,308,47,1
14,325,859,47,3
35,507,500,15,2
19,175,564,48,4
36,617,421,46,2
27,114,548,44,4
7,164,918,8,1
22,732,973,44,2
45,337,703,62,1
24,187,371,66,4
11,772,231,4,2
23,626,65,9,1
39,752,381,19,1
34,865,127,32,1
22,540,548,65,4
39,729,488,29,2
6,912,439,16,4
17,225,442,31,2
35,347,880,55,1
29,205,230,28,2
15,120,25,52,1
31,366,421,6,2
25,440,511,34,1
32,420,421,51,1
8,61,568,30,2
11,286,379,44,2
10,438,788,20,1
23,489,92,11,4
4,73,154,8,4
1,245,645,8,3
29,655,430,68,3
41,245,230,28,2
10,393,872,7,4
23,145,511,53,2
39,282,488,29,1
25,384,711,41,3
18,932,443,1,2
6,394,727,17,4
7,239,911,25,3
12,399,621,7,4
45,187,973,14,3
20,116,264,51,1
22,145,308,59,1
39,968,425,18,3
13,190,154,2,3
4,528,657,37,4
40,767,859,47,3
11,405,442,31,2
8,13,711,41,3
28,53,231,25,4
9,475,479,22,2
12,292,900,13,2
45,391,421,46,3
31,73,481,3,1
5,849,345,45,2
23,402,361,40,2
20,698,527,35,2
6,325,867,25,2
32,412,307,8,3
28,283,481,3,1
22,429,17,11,1
14,641,818,32,3
39,853,479,13,3
1,708,699,48,4
1,249,381,19,2
36,405,231,25,4
11,496,973,44,4
9,234,25,52,3
7,489,54,27,3
10,547,542,36,2
27,39,454,14,2
24,6,749,32,1
26,293,430,68,3
26,573,564,48,2
41,184,221,47,4
25,294,866,47,2
22,624,793,18,3
40,678,568,30,3
2,908,25,52,4
26,201,178,49,2
35,288,374,53,3
23,120,127,32,1
44,698,308,59,2
12,209,416,43,3
11,753,54,21,1
3,19,110,34,3
28,394,308,47,2
20,833,324,7,1
25,216,858,32,2
7,95,755,8,3
40,395,221,16,3
8,901,308,47,4
5,284,359,47,1
12,402,372,37,3
40,805,25,52,2
17,260,307,8,2
41,839,307,8,1
24,265,442,31,4
21,849,479,13,2
24,773,645,34,2
15,271,818,36,1
8,109,871,54,2
23,382,636,64,1
34,389,421,46,2
25,72,940,51,3
43,251,866,47,1
31,483,645,34,1
2,655,818,37,1
23,690,308,47,2
8,316,454,10,3
25,209,430,68,3
44,588,755,49,2
18,933,872,17,2
30,681,110,60,1
34,200,231,4,4
4,545,152,29,4
17,131,449,50,4
12,143,775,65,4
8,828,25,52,2
22,405,488,29,2
6,357,793,18,1
32,179,645,10,2
4,869,335,9,3
8,764,793,18,3
30,160,308,59,2
7,209,961,51,3
17,411,542,61,2
23,297,834,31,4
14,840,154,2,4
28,241,421,46,4
43,634,454,10,3
45,630,127,38,2
20,194,511,34,3
35,838,221,47,1
41,468,924,1,4
45,52,372,30,4
19,350,900,13,2
7,560,766,47,3
35,978,348,8,2
11,620,226,29,4
12,355,594,29,2
45,845,542,61,1
19,599,558,13,4
28,82,866,51,3
32,705,449,50,4
41,438,597,33,1
35,429,834,26,2
14,556,228,24,3
12,322,657,37,4
16,731,479,22,2
38,998,872,17,4
41,697,264,25,3
2,349,756,10,1
35,149,548,4,4
39,798,335,9,1
33,464,872,7,4
33,399,548,65,3
5,812,65,9,1
37,91,319,7,4
18,990,967,39,3
25,990,488,29,4
27,400,127,32,4
45,207,568,30,1
11,583,703,62,1
5,521,859,47,2
38,30,699,48,3
7,334,54,27,2
27,565,479,14,2
7,149,481,3,2
14,248,727,17,2
21,981,766,47,4
27,984,416,53,3
14,140,834,31,1
21,55,348,8,1
5,206,680,59,4
31,569,645,8,2
13,965,307,8,4
23,716,439,19,4
23,126,503,61,1
34,284,858,43,1
17,496,335,14,1
1,804,371,64,2
32,194,25,52,1
30,373,703,62,1
18,429,711,31,1
12,219,680,59,2
8,717,699,48,4
45,112,766,47,1
41,831,775,66,1
21,290,443,1,2
16,224,973,43,4
9,414,940,21,3
16,495,755,17,2
6,907,500,4,1
24,494,285,65,1
44,211,361,19,4
42,869,858,43,2
34,936,178,49,2
42,126,324,43,4
13,650,318,41,1
12,450,895,64,3
41,195,178,49,3
37,962,668,37,4
6,551,568,30,4
21,353,374,53,4
1,539,973,59,1
6,737,189,1,1
30,557,307,8,4
45,133,880,55,3
29,608,867,25,1
6,239,127,32,1
18,136,859,67,2
24,708,481,3,1
3,55,568,30,4
3,483,449,50,4
12,138,361,40,3
23,646,454,10,1
3,48,967,19,2
25,12,733,1,3
39,218,178,49,2
1,282,154,33,3
19,240,859,47,4
36,606,348,34,4
1,302,548,4,2
5,270,454,14,1
26,463,178,49,1
39,989,834,9,4
18,353,872,25,3
1,249,500,4,4
26,466,226,29,4
36,342,25,52,3
34,272,374,53,1
43,222,703,62,2
28,783,755,49,4
8,506,110,60,2
2,403,385,8,2
33,353,871,28,3
6,30,782,12,4
30,989,924,1,1
19,566,264,51,4
37,475,189,46,4
43,887,775,2,4
15,41,924,1,2
44,30,657,37,3
37,884,871,54,2
15,445,561,58,3
12,369,371,66,1
7,434,442,23,3
39,376,880,30,4
35,181,324,51,4
36,46,416,53,1
17,95,699,48,3
17,836,439,19,3
17,609,918,22,3
19,294,564,48,3
31,778,766,47,4
38,169,154,40,3
26,467,479,14,1
13,543,381,65,4
1,156,255,53,4
33,304,324,51,4
7,403,264,56,2
34,890,231,61,3
25,719,699,48,2
41,948,65,9,3
12,605,834,9,2
24,101,548,4,3
4,289,319,2,3
40,951,335,9,1
40,26,834,9,4
9,28,54,27,3
42,95,756,10,1
35,444,54,27,4
5,913,973,59,1
45,832,680,47,1
21,351,645,10,4
29,936,359,47,2
42,642,895,64,2
3,48,379,44,3
41,286,54,21,4
3,91,880,55,1
16,40,25,52,3
15,823,324,7,4
23,247,645,34,2
33,15,755,17,2
24,139,859,47,2
12,51,973,43,2
17,304,228,11,4
24,752,371,64,1
10,198,454,14,3
43,965,348,34,3
6,250,503,14,3
35,407,421,46,3
15,280,756,10,3
15,340,324,28,1
19,897,228,11,4
2,617,449,50,1
35,233,54,27,4
6,695,17,53,4
18,507,594,29,2
13,405,335,9,3
9,73,488,29,1
23,355,255,53,2
33,244,775,2,2
29,419,226,18,3
34,59,226,18,3
18,220,65,9,4
35,155,488,29,1
11,640,749,29,2
19,94,594,29,2
19,863,319,2,2
40,310,345,45,1
31,297,548,58,4
40,279,733,7,4
12,91,967,9,3
3,468,987,64,2
36,763,500,4,1
24,134,230,28,4
21,575,598,27,3
44,509,65,9,3
16,765,228,11,3
36,901,319,2,3
16,492,345,45,2
7,395,542,56,2
9,913,345,45,4
22,990,430,68,4
10,206,154,33,3
3,720,766,47,3
33,400,442,31,2
15,225,54,27,1
27,2,348,14,4
19,605,110,34,3
37,897,430,68,4
2,625,221,9,4
33,327,775,65,3
2,935,866,47,2
20,138,361,19,4
41,179,527,35,3
23,149,564,48,1
45,51,92,53,1
3,876,17,53,2
25,539,481,3,3
38,890,430,68,2
44,518,54,21,1
16,777,564,48,4
23,817,25,52,4
30,452,25,52,1
19,197,699,48,2
25,483,319,7,4
15,958,867,25,3
16,200,25,52,2
32,588,598,20,4
26,4,154,2,1
40,977,749,2,2
16,968,25,52,3
41,173,127,32,2
3,801,17,22,4
35,805,558,13,3
45,667,374,53,3
34,398,154,40,3
31,849,416,61,3
25,526,228,24,4
7,165,924,1,3
35,925,564,48,1
34,433,527,35,1
4,981,568,30,1
30,121,154,2,4
28,508,154,8,2
3,477,511,53,4
32,663,900,13,2
5,517,488,29,4
29,823,594,29,2
7,965,231,61,4
17,884,221,47,3
20,990,154,40,1
9,995,379,44,4
1,652,987,18,1
15,686,425,52,3
6,837,645,10,3
27,480,348,34,1
35,573,918,22,2
3,720,756,10,3
40,709,488,29,2
1,688,987,64,3
40,76,442,23,3
5,135,867,25,1
13,643,231,4,3
18,609,657,37,2
5,986,54,21,3
26,131,348,34,2
23,736,818,32,4
22,103,127,38,1
5,842,416,43,1
15,143,859,47,4
39,857,900,13,3
18,697,488,29,1
16,202,558,36,1
3,710,371,22,4
36,40,834,47,1
41,95,733,1,1
32,459,264,56,1
42,250,527,35,2
11,209,488,29,2
37,710,499,18,4
14,325,561,58,2
35,196,568,30,3
44,633,416,61,1
15,15,749,29,3
27,532,561,58,2
24,277,621,47,4
14,551,318,41,4
31,132,285,54,4
16,180,973,43,1
7,90,285,65,1
43,166,561,58,1
36,16,17,43,4
13,663,924,1,2
16,278,867,25,4
27,448,439,19,3
22,910,872,9,3
7,204,488,29,4
7,491,558,13,4
5,278,911,25,3
43,710,348,8,3
32,193,733,7,1
17,656,775,2,2
19,146,511,53,2
25,641,749,43,3
27,330,788,20,2
44,577,481,3,2
24,312,416,61,3
28,869,25,52,4
42,632,481,3,3
7,836,542,56,1
25,133,421,6,2
15,805,866,51,2
41,365,711,41,4
31,725,834,47,4
29,108,379,44,1
14,800,621,32,3
41,863,880,11,2
12,142,866,47,2
32,995,561,58,2
22,853,372,40,1
11,989,481,3,3
30,120,793,18,4
10,86,345,45,3
39,579,488,29,3
22,587,439,19,2
41,192,92,56,4
28,539,381,65,4
14,162,381,6,4
3,276,372,30,3
6,49,961,51,2
15,184,110,60,3
28,84,361,67,1
7,251,940,41,4
14,584,680,36,1
3,471,421,46,2
10,583,425,18,2
42,664,900,13,3
11,744,319,2,2
39,998,755,17,3
21,432,680,47,3
38,893,636,64,2
31,999,561,58,2
37,95,231,61,2
19,838,782,50,3
13,182,449,50,3
9,701,598,20,1
28,937,782,50,3
21,496,335,14,1
28,483,967,19,2
25,58,255,53,4
32,11,867,25,4
35,281,911,25,1
16,431,371,66,3
40,938,699,48,1
7,252,228,24,4
43,938,527,35,3
43,721,500,15,1
36,825,371,31,4
26,400,636,64,4
5,778,430,68,3
45,105,264,25,1
23,794,924,1,2
5,893,818,36,4
38,985,636,64,1
4,957,597,11,3
20,501,499,14,3
40,816,230,28,3
1,808,561,58,3
11,169,859,67,2
1,325,699,48,2
40,997,421,46,2
13,486,127,32,1
9,730,680,47,3
22,784,568,30,4
34,536,866,51,1
35,960,859,67,1
32,183,918,22,1
26,53,372,30,4
11,41,307,8,3
1,234,503,64,3
15,373,421,60,3
16,691,324,7,4
13,640,454,14,4
25,524,499,55,2
34,128,178,48,4
3,785,416,53,3
29,616,421,46,3
18,923,657,37,2
1,356,374,53,2
3,813,488,29,4
31,894,895,64,1
43,979,871,54,3
36,347,488,29,1
44,432,372,40,3
25,715,699,48,3
25,522,967,19,3
37,478,594,29,4
4,925,680,47,1
10,896,668,37,2
14,144,152,44,3
34,811,189,1,2
34,719,542,56,4
39,99,425,6,3
1,574,488,29,4
25,507,973,44,3
17,951,17,22,1
39,112,488,29,1
22,921,503,64,1
21,747,479,14,4
43,13,872,25,2
17,869,228,11,4
18,139,154,40,3
1,412,967,39,3
31,468,442,31,2
26,223,699,48,1
32,267,711,47,1
8,111,711,41,4
25,830,348,34,4
15,47,488,29,4
12,988,488,29,1
2,84,756,10,4
43,153,749,29,3
19,138,189,37,1
38,862,385,5,4
28,686,973,14,3
31,75,987,18,3
7,613,699,48,1
17,238,361,44,2
17,993,548,44,4
14,134,788,45,1
29,520,597,33,3
37,45,65,9,1
4,579,307,8,2
40,740,443,1,3
42,11,558,62,2
13,352,527,35,4
42,22,766,47,3
6,934,416,61,3
13,667,308,47,3
38,486,657,37,2
11,632,973,43,2
44,850,264,56,3
5,457,793,67,4
15,571,867,25,3
4,651,561,58,4
17,373,189,37,1
9,665,867,25,3
18,737,371,31,4
29,884,361,67,1
15,23,443,1,3
32,190,371,66,2
10,126,527,35,2
17,870,25,52,4
39,532,755,17,4
27,188,416,43,2
27,270,430,68,1
43,323,866,51,1
34,986,92,18,1
41,925,443,15,1
19,15,511,34,2
2,634,335,14,2
30,813,443,12,1
30,651,500,4,1
43,61,231,25,1
33,395,226,29,3
21,649,449,50,4
6,242,872,25,3
27,84,285,65,4
9,404,924,1,3
38,812,371,64,1
9,914,598,27,1
22,246,918,8,1
33,613,548,58,3
39,957,228,24,4
13,571,793,18,4
8,304,834,26,2
29,358,308,59,4
34,30,308,47,4
10,273,230,35,4
37,320,867,25,4
18,341,895,17,3
16,24,527,35,4
6,652,231,61,1
42,812,940,21,1
28,751,221,47,2
44,296,973,44,1
22,541,154,2,1
8,215,924,1,2
39,407,345,45,2
37,272,307,8,3
32,724,900,13,1
13,566,872,7,2
2,227,503,64,3
8,35,961,13,2
29,140,866,47,3
26,551,703,62,1
21,207,636,64,4
40,535,439,16,2
44,36,479,13,1
29,408,371,64,2
42,146,226,29,3
27,853,859,47,1
8,896,548,58,4
28,325,371,66,4
17,61,308,59,2
21,200,348,8,1
38,625,481,3,3
5,857,598,6,3
41,119,818,41,3
40,55,488,29,4
23,477,308,59,3
23,557,374,53,1
35,478,231,25,3
8,334,454,10,3
34,664,449,50,2
44,545,430,68,1
34,467,264,56,3
34,812,561,58,1
28,90,987,18,4
5,84,255,53,1
38,917,348,34,3
40,422,755,49,2
11,608,285,54,4
32,960,668,37,2
15,225,594,29,4
10,783,231,19,2
25,321,430,68,4
10,896,54,27,4
28,730,442,23,1
2,643,967,50,4
30,596,866,51,3
40,167,703,62,4
44,712,699,48,1
27,743,264,13,1
22,159,967,50,3
32,842,967,39,2
34,40,895,64,3
10,579,727,17,4
32,649,348,34,1
15,450,598,20,3
22,999,900,13,2
45,562,359,14,1
44,492,597,42,1
34,935,430,68,2
6,73,527,35,2
37,912,488,29,3
41,896,189,42,1
29,100,558,62,1
1,458,703,62,1
6,906,918,8,3
19,931,503,61,3
24,957,961,20,1
10,960,597,11,1
14,323,657,37,4
3,625,231,25,1
37,646,699,48,2
38,555,372,40,2
20,695,231,61,2
10,412,335,9,4
35,962,961,21,4
32,825,499,43,3
35,823,558,62,2
6,684,749,29,1
18,386,766,47,3
23,773,699,48,4
27,659,561,58,3
30,265,226,29,3
43,651,961,20,2
38,265,511,34,4
20,857,961,20,3
12,718,645,8,1
27,948,372,37,2
17,843,324,7,2
35,290,499,55,2
15,520,230,35,2
16,565,880,55,4
20,870,189,42,2
8,291,425,52,3
15,574,319,7,3
22,224,231,4,4
6,480,525,57,1
8,44,703,62,2
19,12,359,47,4
42,681,499,14,1
10,323,973,59,4
45,60,500,4,3
27,210,127,38,3
10,61,439,19,2
29,723,443,39,2
32,951,872,7,2
5,148,561,58,4
17,60,542,36,3
23,441,374,53,3
8,476,733,58,2
34,291,228,11,4
2,259,727,17,1
36,601,127,38,3
13,192,385,8,4
41,334,430,68,4
31,193,733,58,4
11,297,542,61,2
36,280,818,32,4
5,269,900,13,4
12,332,749,2,1
36,90,324,51,2
5,389,154,2,4
32,214,867,25,2
5,362,371,64,1
29,388,657,37,4
8,419,439,16,1
11,174,449,50,3
33,618,703,62,2
36,368,127,38,1
3,930,127,38,1
26,124,65,9,2
22,203,859,67,1
26,622,834,31,1
31,524,940,41,1
11,305,345,45,4
3,148,319,2,2
28,463,756,10,4
16,395,374,53,4
42,437,371,22,3
36,119,449,50,4
40,387,598,27,2
27,271,766,47,1
13,362,154,8,2
35,103,818,37,3
30,947,385,28,1
6,11,189,1,2
33,292,668,37,3
15,612,793,54,1
26,78,65,9,2
18,907,564,48,4
25,697,561,58,2
35,47,866,51,1
3,954,548,65,1
15,513,381,19,1
17,688,379,44,3
24,172,858,43,1
28,103,374,53,1
18,295,733,7,3
7,453,25,52,2
37,358,924,1,3
45,120,324,51,4
5,356,782,50,4
30,902,421,6,4
2,111,443,12,1
8,984,479,14,2
31,583,371,66,2
21,772,178,49,1
13,21,442,23,1
21,700,598,27,3
42,148,668,37,4
22,790,308,47,3
20,333,867,25,2
33,779,425,6,2
8,143,755,17,3
37,219,866,51,3
7,465,92,53,1
5,624,425,52,2
5,908,940,21,4
17,373,733,7,2
27,570,621,31,3
39,192,834,47,2
40,721,372,30,1
10,626,499,14,3
42,892,645,10,3
29,980,264,56,1
20,130,449,50,2
32,590,699,48,3
16,12,918,53,1
45,754,385,8,2
22,426,775,65,2
33,993,385,33,3
45,55,699,48,2
8,451,65,9,2
19,199,499,43,2
20,573,374,53,2
9,169,178,48,3
26,921,479,14,2
13,971,221,9,4
2,478,558,36,1
41,246,525,68,3
36,447,442,31,4
30,105,65,9,4
4,702,255,53,2
21,799,967,9,4
30,665,481,3,4
20,736,385,28,1
10,459,548,4,2
40,833,425,6,4
7,24,973,59,2
3,98,775,66,2
2,198,895,7,3
6,166,911,25,2
15,275,65,9,1
8,368,221,47,4
22,919,479,14,3
37,362,680,59,1
26,327,733,7,1
45,780,361,40,2
5,420,443,12,3
22,510,756,10,3
28,289,348,14,3
12,789,834,31,1
16,224,756,10,3
1,744,775,2,3
6,678,371,64,4
15,6,636,64,3
9,955,361,19,4
20,394,228,24,3
1,651,443,15,2
22,690,733,1,2
37,876,755,17,1
16,175,987,18,4
11,398,598,6,1
37,613,416,53,1
31,831,866,51,3
44,476,668,37,2
14,175,359,47,1
2,552,818,36,4
10,471,880,11,3
36,879,511,53,1
9,505,564,48,1
18,322,598,10,4
22,772,880,30,1
31,700,597,33,4
16,29,756,10,3
45,283,430,68,2
3,113,711,31,1
19,111,499,14,1
45,773,372,37,2
7,67,775,65,1
6,596,859,67,4
43,93,385,28,4
21,797,439,16,4
1,95,189,42,2
9,861,871,28,2
15,166,542,63,4
33,59,189,46,1
12,249,818,37,4
27,29,361,44,3
11,472,973,43,2
33,456,680,47,4
35,780,500,15,1
13,388,564,48,3
28,6,542,36,1
28,115,442,31,2
37,781,110,5,4
8,522,230,28,3
33,936,793,67,2
22,646,961,21,3
8,456,359,51,4
3,435,189,46,2
32,641,189,37,3
44,852,54,21,4
11,118,636,64,1
8,893,775,65,4
25,937,345,45,4
25,459,766,47,3
22,630,727,17,4
25,125,65,9,1
24,317,973,59,4
33,312,568,30,3
21,276,749,32,2
10,789,425,18,3
10,390,285,35,4
16,537,973,59,1
1,389,961,13,4
9,923,918,22,3
30,893,228,24,3
15,896,859,67,4
5,932,454,10,1
16,212,499,55,2
35,487,511,34,4
41,574,361,19,4
18,35,967,9,4
18,74,680,47,4
8,48,345,45,4
21,869,525,66,4
25,817,818,36,3
39,311,699,48,4
10,453,439,16,2
25,304,481,3,3
39,260,749,32,2
34,591,755,49,4
2,336,657,37,4
28,94,372,30,4
21,5,961,13,4
6,560,348,8,2
40,302,324,43,2
19,984,733,58,2
28,574,152,44,2
43,242,416,53,4
3,470,25,52,3
2,183,154,8,4
26,953,525,68,2
1,111,221,16,4
10,172,895,64,2
18,837,178,49,1
41,625,308,47,2
26,605,372,37,1
25,78,319,2,4
40,653,961,13,2
34,553,231,25,2
16,269,866,47,3
18,271,527,35,4
23,256,430,68,3
36,22,749,2,4
37,695,967,39,4
28,325,657,37,3
3,75,987,64,1
30,432,442,31,2
14,945,564,48,2
42,951,345,45,4
1,399,189,42,4
40,150,65,9,2
36,557,657,37,4
7,583,818,37,2
11,390,285,54,2
21,81,308,47,1
3,407,895,64,1
22,299,449,50,4
33,612,500,4,2
43,606,680,59,2
2,444,782,12,3
23,765,324,43,3
26,769,307,8,4
15,126,727,17,1
30,350,699,48,2
5,247,335,14,2
45,783,775,65,3
11,355,788,20,2
3,889,749,32,3
15,492,226,18,2
27,962,231,25,1
1,387,178,49,1
35,496,918,8,4
29,155,110,5,4
21,112,319,2,2
25,123,348,8,3
9,653,255,53,3
10,458,597,52,1
14,358,416,43,1
40,848,359,51,1
1,799,749,43,3
14,299,711,41,4
41,286,228,24,2
26,653,895,17,1
15,411,788,45,2
19,879,621,32,2
1,563,127,32,2
21,628,488,29,1
19,68,152,29,1
27,811,527,35,2
25,347,564,48,1
10,801,65,9,1
14,198,371,22,1
36,781,17,43,2
9,142,110,64,2
15,464,636,64,1
28,650,430,68,2
26,690,385,33,1
12,209,335,14,1
38,842,385,28,4
6,108,92,56,3
3,172,454,14,1
10,393,621,47,1
10,137,255,53,2
2,661,178,48,2
25,487,755,49,2
6,591,92,11,1
43,241,372,37,3
17,317,127,32,3
21,280,858,32,3
1,592,834,31,4
40,624,416,43,4
17,637,900,13,1
35,770,699,48,2
45,688,154,8,1
8,619,374,53,1
15,394,425,6,2
2,963,110,34,4
18,446,859,47,4
27,806,525,68,2
29,718,430,68,2
35,870,226,18,2
19,965,307,8,2
4,81,818,41,1
12,258,782,50,4
37,696,525,57,1
25,353,733,1,2
19,403,189,42,2
24,302,221,9,1
10,446,439,19,2
33,486,940,41,1
34,781,348,8,4
28,702,335,9,1
44,143,443,15,2
32,618,416,61,1
21,438,657,37,4
16,175,987,64,3
19,583,221,9,1
43,509,308,47,1
19,49,880,11,1
43,602,568,30,1
29,36,348,14,4
32,862,65,9,4
15,476,221,16,1
1,562,558,36,4
44,463,621,31,1
37,34,699,48,4
33,480,385,8,4
2,704,416,43,2
14,440,940,21,4
7,985,255,53,3
23,121,430,68,1
44,737,967,19,2
19,492,481,3,4
37,190,454,10,4
3,29,911,25,2
4,165,500,15,3
38,583,755,8,3
19,438,597,11,2
19,751,372,37,4
12,56,961,13,2
3,440,872,17,1
38,982,766,47,1
21,343,454,66,1
1,342,568,30,4
37,948,285,54,2
32,257,230,35,3
24,487,228,11,4
1,293,371,22,3
8,827,727,17,2
28,801,564,48,1
17,171,381,6,1
26,981,703,62,2
40,731,439,16,4
39,142,221,47,3
40,237,636,64,4
23,938,657,37,1
39,88,872,17,3
36,325,25,52,1
34,929,499,14,1
45,220,558,62,3
32,550,561,58,2
43,753,895,7,4
3,667,561,58,4
4,565,454,14,3
34,477,961,51,2
36,182,880,55,2
29,951,967,50,3
16,28,372,40,3
24,689,255,53,4
16,664,307,8,3
14,207,782,50,3
39,771,866,47,4
10,570,54,27,3
25,239,488,29,2
29,36,425,6,2
31,311,430,68,4
41,856,499,55,2
18,75,345,45,2
25,394,961,51,2
39,948,152,44,3
8,83,372,30,4
18,271,867,25,3
29,555,788,45,4
43,378,775,2,1
11,461,871,28,3
45,387,416,53,1
20,159,92,18,1
40,892,189,37,4
40,299,500,4,1
7,752,65,9,1
34,190,154,8,2
11,422,733,7,4
28,159,361,67,1
29,504,226,29,3
25,562,385,28,4
38,399,308,59,1
18,998,961,51,3
29,237,749,29,4
2,505,359,14,3
18,131,866,51,2
34,787,481,3,2
29,837,488,29,4
13,686,439,16,3
29,140,348,8,3
26,696,439,16,1
39,260,425,18,4
38,120,499,43,4
8,580,967,19,3
6,107,318,24,4
26,344,371,22,2
43,626,834,9,2
25,904,703,62,2
28,117,479,47,4
17,720,967,9,1
10,299,335,9,2
21,98,961,51,2
44,254,967,39,4
43,477,859,67,3
19,332,430,68,4
12,134,319,2,2
1,633,527,35,4
29,4,454,14,4
1,342,443,1,4
18,403,374,53,3
10,513,499,55,4
39,925,442,31,3
4,930,542,36,4
26,329,872,9,1
17,897,324,28,2
43,557,866,47,3
37,143,308,59,4
17,753,699,48,1
19,643,361,67,3
34,75,834,26,4
3,660,834,9,4
34,553,231,19,2
2,30,152,29,1
1,412,564,48,4
31,325,231,61,3
7,276,319,7,4
1,187,859,47,4
33,258,858,43,3
8,735,871,54,3
7,721,231,4,3
16,752,918,8,3
34,467,127,32,1
21,302,775,65,4
40,490,17,53,2
5,332,924,1,3
9,201,973,44,1
20,369,488,29,4
23,865,548,58,1
44,431,430,68,2
19,890,525,57,2
6,0,264,13,4
18,36,488,29,1
30,377,374,53,1
45,661,345,45,1
37,212,668,37,1
26,715,911,25,1
36,133,561,58,1
14,355,756,10,4
31,560,636,64,3
39,242,895,64,4
19,262,733,7,4
19,517,230,35,1
31,778,430,68,4
43,240,319,7,1
1,677,152,29,3
23,346,319,7,4
43,276,727,17,2
30,84,657,37,4
43,807,967,9,2
41,508,859,47,4
35,377,871,54,2
11,688,17,53,1
13,37,319,7,2
38,328,92,53,3
42,826,636,64,3
23,903,834,31,2
33,792,189,1,3
10,351,379,44,3
35,419,598,10,4
39,865,548,44,3
10,656,973,14,3
4,39,782,50,3
21,224,564,48,2
12,979,542,63,4
26,440,818,41,2
2,985,442,31,3
11,691,900,13,1
5,617,499,43,2
41,578,65,9,2
10,59,189,37,4
5,982,858,32,2
36,576,226,29,4
6,284,859,47,2
41,291,154,2,4
38,942,488,29,2
31,904,657,37,3
9,813,372,40,4
28,553,481,3,1
18,887,858,32,4
2,724,918,53,4
34,771,542,56,1
15,817,479,22,2
14,934,967,9,4
15,139,895,17,4
12,4,940,2,2
42,367,65,9,3
39,484,65,9,4
31,446,443,12,2
7,144,226,29,4
34,943,318,57,4
18,932,110,5,4
32,708,940,21,2
27,375,699,48,2
15,506,264,25,2
38,839,178,49,2
8,932,110,60,4
6,464,871,54,1
23,247,499,43,4
31,142,17,53,4
37,380,834,47,1
17,182,645,8,1
31,34,228,24,3
2,893,548,4,3
40,939,221,16,3
3,197,940,51,2
15,373,568,30,3
10,746,818,37,1
42,311,430,68,3
26,664,680,47,3
30,261,385,8,3
37,87,699,48,1
19,814,597,11,2
45,550,871,54,4
36,212,961,51,1
44,760,924,1,4
36,495,668,37,2
24,835,911,25,4
41,50,900,13,2
7,784,636,64,1
25,663,430,68,3
8,787,307,8,3
42,869,345,45,4
2,293,527,35,4
26,330,127,38,4
34,32,318,57,2
26,4,230,28,1
22,787,178,48,3
43,101,499,18,4
11,851,264,25,1
14,694,499,43,1
37,617,657,37,2
18,96,940,2,2
9,507,381,65,4
32,971,421,46,2
15,360,511,53,1
17,210,711,31,3
12,971,372,30,4
3,286,348,34,4
9,437,895,17,3
45,953,561,58,1
17,269,231,19,4
8,47,511,53,1
42,710,319,2,2
3,461,499,55,3
29,347,127,32,1
12,410,866,47,4
43,46,430,68,4
42,729,711,41,3
26,534,231,25,4
31,470,231,25,4
40,412,152,44,4
7,764,481,3,4
19,420,834,26,3
33,365,859,47,3
19,675,782,12,3
17,930,527,35,2
41,646,488,29,1
27,61,17,53,4
10,268,558,36,1
33,539,594,29,1
45,331,500,4,3
42,445,499,55,4
3,656,866,51,1
33,736,152,29,2
2,199,152,44,4
23,129,308,47,4
21,676,500,4,1
1,351,973,43,1
15,44,867,25,2
7,364,307,8,1
3,612,379,44,3
19,355,872,7,4
1,739,699,48,1
6,596,449,50,3
33,429,961,21,1
20,909,967,19,1
12,461,231,4,2
15,283,918,8,4
6,921,749,32,1
31,619,558,62,1
12,393,361,67,2
29,309,17,43,1
6,375,867,25,3
25,509,527,35,1
38,587,940,2,4
7,577,834,9,4
25,180,442,23,3
5,974,594,29,3
16,496,834,9,1
1,873,859,47,4
31,225,880,30,4
43,566,621,31,3
4,825,152,29,3
36,641,439,16,2
8,811,548,58,1
42,475,924,1,3
42,45,481,3,2
39,142,703,62,4
17,658,359,14,1
19,934,788,45,4
29,921,307,8,3
10,483,371,22,1
10,252,481,3,3
32,45,766,47,4
18,102,221,47,2
26,156,548,4,2
16,581,918,8,4
23,108,65,9,2
26,330,503,61,1
2,413,782,50,4
22,159,657,37,3
44,258,110,64,4
34,465,454,14,4
40,640,858,32,2
5,764,319,7,2
3,844,858,32,2
21,441,967,50,1
22,501,987,64,3
38,34,228,24,2
31,268,221,9,1
8,74,511,34,4
4,71,542,63,1
19,613,511,34,4
43,20,54,27,2
17,857,221,47,3
1,342,973,14,4
42,156,558,62,3
19,737,756,10,1
8,526,110,64,2
10,440,255,53,2
36,340,372,40,2
19,478,65,9,4
31,643,657,37,1
25,267,866,51,4
28,117,500,4,2
10,894,918,53,1
13,435,818,36,3
13,813,866,47,3
11,649,481,3,3
21,926,621,7,2
22,559,871,54,1
33,516,324,28,3
2,609,154,8,4
40,883,973,44,2
14,926,818,36,4
21,198,226,29,1
1,998,680,36,3
6,166,511,34,2
31,80,711,47,3
6,74,416,61,3
19,428,228,11,1
21,831,548,4,1
44,767,699,48,1
24,129,264,56,4
8,829,872,25,3
22,148,110,64,4
18,138,381,65,1
22,142,221,9,2
24,75,17,43,4
31,296,307,8,4
22,82,775,2,2
12,422,756,10,1
34,708,511,53,2
14,569,597,33,2
43,622,425,67,4
15,369,818,36,3
41,920,479,13,3
31,162,348,8,3
19,569,858,32,1
34,846,189,42,2
20,693,425,67,1
5,514,961,21,2
1,56,548,44,1
7,34,308,47,4
16,559,54,27,4
10,243,152,29,4
6,995,359,51,2
21,715,527,35,1
18,807,345,45,1
8,50,568,30,4
38,550,374,53,1
10,427,230,28,1
11,77,416,43,2
30,290,221,47,2
12,113,385,28,1
8,913,454,14,1
22,954,231,4,3
32,182,558,36,3
42,879,668,37,4
40,291,442,23,4
34,365,636,64,3
1,478,527,35,3
2,143,834,9,3
41,888,699,48,3
39,829,307,8,4
9,15,318,57,1
36,404,788,45,2
34,269,699,48,1
17,22,657,37,2
21,470,636,64,2
8,323,255,53,4
13,341,425,18,4
42,660,421,60,1
21,626,307,8,4
8,569,503,61,4
40,870,454,66,3
37,844,818,32,3
33,683,621,7,2
5,761,379,44,4
4,96,255,53,1
23,569,307,8,4
9,250,503,14,4
27,47,335,9,3
20,48,319,2,1
27,718,416,43,3
29,730,880,30,2
40,321,385,28,3
39,254,226,18,1
44,290,454,14,1
21,375,442,31,3
19,528,924,1,1
9,547,65,9,4
39,704,911,25,2
16,681,668,37,4
1,857,372,37,1
29,501,597,11,2
8,357,961,21,1
41,883,895,7,1
38,366,454,10,1
43,684,110,5,4
35,728,788,45,2
3,317,598,10,2
30,532,503,61,4
14,710,542,56,3
22,907,793,8,2
25,651,859,67,3
43,93,733,58,1
24,356,775,66,1
43,293,264,56,2
4,826,834,47,3
12,613,782,50,4
22,646,788,45,2
15,495,285,35,2
37,945,425,52,3
19,289,680,36,2
39,12,895,17,2
30,250,548,58,4
9,716,381,19,1
4,937,727,17,2
23,197,568,30,4
7,907,488,29,1
24,812,374,53,1
7,458,749,29,3
20,100,17,11,1
43,160,967,39,2
30,40,92,18,2
16,412,178,49,2
2,683,867,25,2
13,691,668,37,3
7,923,900,13,1
13,44,430,68,3
23,32,911,25,4
7,971,449,50,1
45,686,371,66,4
2,904,226,29,1
4,545,127,32,3
13,107,189,1,1
31,791,680,36,2
23,36,481,3,1
16,778,871,54,4
26,572,499,43,1
9,382,385,33,4
42,254,442,23,4
10,710,255,53,3
11,100,766,47,2
10,786,154,40,4
24,704,499,43,3
23,315,564,48,1
13,315,733,1,2
31,211,17,22,3
40,261,871,28,2
37,524,359,51,4
8,219,749,32,2
45,811,189,37,1
40,578,657,37,2
7,57,264,13,4
44,489,733,1,2
39,464,348,34,4
20,950,594,29,1
24,820,918,53,2
39,754,727,17,2
14,720,782,50,4
39,388,788,20,1
35,179,503,61,3
10,693,416,53,1
15,690,454,14,1
33,921,668,37,4
4,5,154,8,4
37,798,788,45,1
38,175,775,66,2
22,337,230,35,2
18,815,558,36,4
26,232,230,28,2
12,276,25,52,2
30,237,597,11,3
5,195,481,3,3
20,969,793,67,2
35,172,680,47,2
35,616,443,1,4
11,204,703,62,1
9,819,385,28,1
22,497,900,13,4
17,101,255,53,3
10,707,961,51,4
38,649,782,12,2
24,395,264,25,4
40,532,900,13,2
15,659,230,28,1
30,216,564,48,1
42,243,525,66,1
4,764,500,4,2
3,414,228,24,2
16,100,867,25,4
44,910,231,25,2
24,217,775,66,4
19,80,481,3,3
13,382,361,67,4
25,283,481,3,3
25,524,421,46,3
42,642,154,33,4
10,825,987,64,2
23,489,548,58,2
36,358,421,60,3
42,544,361,44,1
31,904,430,68,4
22,199,703,62,4
12,523,54,21,1
20,11,442,31,4
26,879,503,64,3
6,917,871,54,4
11,767,918,22,1
42,588,154,40,1
35,84,416,43,1
4,975,598,27,3
17,325,987,64,3
45,486,680,36,1
10,801,481,3,1
10,563,416,61,4
19,956,859,47,3
21,705,911,25,3
44,747,264,25,3
38,483,255,53,1
21,457,727,17,1
16,640,699,48,3
35,517,430,68,4
16,930,568,30,4
34,651,264,56,4
27,997,880,55,1
36,718,442,23,4
1,140,900,13,3
17,300,818,32,4
26,951,645,10,2
7,750,307,8,2
37,398,568,30,4
24,179,699,48,1
5,656,255,53,4
27,551,645,8,4
45,828,527,35,3
16,311,228,24,4
2,899,895,17,1
6,119,65,9,3
34,607,782,12,4
38,117,335,9,3
2,386,961,21,4
37,508,733,1,4
44,953,973,43,4
5,160,818,41,3
4,512,918,53,4
37,748,911,25,3
43,286,385,28,1
11,648,527,35,1
28,109,499,18,1
19,133,152,44,2
20,357,788,45,3
9,563,416,61,1
2,637,834,9,3
9,365,421,46,1
42,902,110,34,3
26,734,793,67,2
41,362,92,56,3
3,69,443,1,4
5,160,895,7,2
1,927,561,58,2
39,842,154,40,1
5,142,385,28,3
22,517,92,18,4
41,3,425,67,4
30,747,561,58,3
16,799,872,25,2
33,36,178,49,4
45,477,598,20,4
45,21,858,43,3
38,227,895,17,3
6,913,443,1,1
27,94,499,14,4
22,42,782,12,1
41,954,598,27,1
38,139,871,28,1
43,573,699,48,1
21,356,285,35,3
27,357,425,67,3
34,889,439,19,1
40,505,372,40,4
33,989,189,42,1
9,175,680,36,2
36,913,449,50,3
32,795,645,10,3
28,926,231,4,4
13,249,430,68,2
19,12,430,68,1
6,95,348,34,1
14,891,110,60,4
42,227,189,37,1
38,899,924,1,2
5,390,154,8,3
30,626,221,47,1
16,771,940,41,1
13,419,178,48,3
29,432,756,10,2
17,156,775,66,4
45,41,668,37,1
24,969,564,48,4
18,334,548,4,2
9,664,25,52,2
38,551,449,50,2
7,632,189,42,4
4,332,967,19,3
34,707,867,25,1
21,537,439,19,3
27,879,189,42,1
29,123,335,9,2
1,155,92,56,3
45,336,454,66,4
32,812,154,40,2
33,820,867,25,3
32,939,961,21,4
20,315,221,16,4
11,690,178,48,2
28,539,766,47,3
30,387,230,35,2
11,520,226,29,2
45,607,449,50,1
30,729,872,7,3
41,171,568,30,1
11,916,449,50,1
29,868,594,29,4
3,697,348,14,1
16,520,231,25,3
11,808,834,47,4
12,538,439,19,3
12,310,900,13,4
10,832,92,53,3
35,138,189,37,3
22,752,793,18,4
39,658,598,10,2
45,835,911,25,4
42,892,924,1,3
13,925,511,34,1
11,314,967,9,1
42,754,348,8,1
2,997,308,59,3
26,795,488,29,2
1,678,421,60,4
44,547,645,34,1
11,227,307,8,3
44,426,727,17,3
14,893,561,58,3
11,512,231,4,4
41,879,499,55,1
30,117,421,51,2
34,865,221,9,2
7,832,733,7,4
44,685,961,51,1
23,619,733,7,2
13,750,319,7,4
3,853,308,47,3
26,874,834,47,1
26,397,178,48,4
2,736,110,64,2
3,83,961,51,1
42,952,439,16,3
29,891,379,44,1
45,369,189,37,2
25,349,324,43,1
32,709,226,29,3
18,820,924,1,1
32,2,527,35,4
6,927,154,2,3
28,259,264,13,2
40,356,733,1,3
15,233,359,47,1
38,452,961,21,3
20,623,178,48,4
15,80,858,32,3
26,215,872,25,3
21,957,872,25,3
28,985,374,53,1
29,848,255,53,2
28,190,499,55,4
43,846,940,41,3
11,906,895,64,2
30,521,178,48,3
41,577,479,14,4
11,829,872,25,3
9,261,361,40,3
31,708,430,68,4
4,195,425,52,4
23,815,65,9,3
40,728,699,48,1
29,466,568,30,4
12,368,152,44,3
24,24,918,53,4
11,315,872,17,2
35,709,319,7,3
41,615,374,53,3
16,562,564,48,2
2,792,900,13,4
5,46,230,35,1
24,856,479,22,3
28,155,449,50,2
38,455,454,10,1
10,447,372,40,1
7,387,911,25,1
24,388,178,48,1
20,346,499,55,2
15,797,766,47,2
13,988,308,59,1
17,758,442,23,2
42,57,503,61,4
45,906,228,24,4
6,144,285,65,4
31,295,867,25,1
33,40,381,65,1
8,783,361,44,3
42,129,755,49,4
13,20,900,13,2
38,417,749,2,1
41,963,961,20,2
24,233,755,8,3
38,404,255,53,2
5,331,416,43,2
22,547,319,7,2
16,552,481,3,1
37,791,178,49,3
3,741,335,14,4
15,602,756,10,3
43,464,525,66,1
34,336,221,47,4
42,413,17,11,4
13,616,834,26,4
21,215,379,44,1
22,203,255,53,3
36,676,500,15,1
39,252,867,25,3
8,957,503,61,2
8,183,818,41,1
26,132,900,13,2
24,518,221,16,1
19,510,657,37,1
31,404,668,37,4
41,457,594,29,4
14,634,425,52,4
22,989,178,49,4
13,603,880,55,3
20,612,871,28,4
27,693,264,51,2
31,936,558,62,3
36,820,859,67,4
6,424,727,17,2
14,878,598,27,3
23,907,987,64,4
2,623,872,17,2
18,570,318,25,1
16,512,318,41,3
27,842,918,22,1
1,593,766,47,3
39,781,900,13,1
1,103,65,9,1
18,100,421,60,4
33,724,621,32,2
21,892,703,62,4
35,592,319,7,3
4,537,231,61,1
16,177,598,6,2
29,748,54,21,2
32,392,793,54,4
9,149,319,7,4
26,315,911,25,2
25,884,542,61,1
9,317,92,18,1
9,614,443,1,1
4,925,548,58,1
19,925,733,7,3
15,729,127,32,1
23,632,54,21,3
35,131,782,12,2
25,218,374,53,4
12,715,285,54,1
3,437,967,50,1
22,624,500,4,1
32,629,525,66,3
6,681,918,22,4
2,432,449,50,4
32,243,499,43,2
45,806,564,48,3
7,886,65,9,2
8,162,359,14,2
45,972,834,31,4
1,346,782,12,1
35,67,756,10,1
1,602,17,53,1
30,407,499,55,3
43,917,348,8,3
24,115,416,53,4
26,691,425,6,4
2,33,561,58,3
24,811,568,30,3
27,616,967,50,4
41,135,345,45,2
5,602,597,33,4
2,173,711,47,2
23,219,308,47,4
37,120,442,23,3
44,272,178,49,4
26,367,749,32,2
35,862,564,48,1
26,702,597,33,3
36,752,500,15,3
27,821,54,27,1
44,466,499,18,4
35,399,755,8,2
28,721,900,13,1
26,202,525,57,1
24,984,371,66,3
18,328,940,51,3
7,240,110,64,1
45,82,221,47,2
41,5,818,32,1
41,617,548,58,3
34,743,381,65,1
31,365,127,32,3
40,587,940,21,2
42,769,481,3,4
37,56,987,18,2
9,369,895,17,1
44,83,110,5,1
11,914,657,37,3
44,630,479,22,3
39,455,871,54,3
21,331,231,25,4
5,590,548,4,2
15,997,568,30,4
42,411,430,68,4
22,753,703,62,4
6,884,871,28,2
40,148,924,1,1
5,885,527,35,4
6,169,961,51,2
9,556,500,4,3
4,868,154,33,1
18,654,442,31,4
39,450,542,36,2
24,633,307,8,4
42,963,285,35,1
28,41,793,54,3
2,584,127,38,4
13,868,558,13,1
30,725,525,57,2
29,573,25,52,3
25,393,230,28,1
12,73,178,49,3
5,970,374,53,4
21,917,668,37,2
5,455,657,37,3
9,543,636,64,2
38,950,345,45,1
23,865,439,19,4
12,193,307,8,2
14,74,285,35,3
15,235,481,3,4
37,27,430,68,1
8,675,430,68,3
28,659,308,59,1
6,129,110,60,4
4,912,775,2,2
2,408,503,14,4
28,570,372,30,2
19,52,542,56,3
12,902,527,35,1
20,409,442,23,3
43,201,443,12,3
22,846,699,48,2
14,397,568,30,2
43,763,568,30,2
17,688,110,34,4
45,811,425,67,1
25,740,834,31,1
36,205,867,25,1
12,913,558,36,4
11,373,973,14,2
7,487,92,53,3
41,847,335,14,1
41,13,527,35,4
8,248,65,9,1
41,341,766,47,1
5,119,439,19,4
37,642,324,51,1
12,584,324,7,3
9,317,548,4,1
38,30,285,35,3
43,145,564,48,1
29,37,308,47,2
20,573,479,13,2
16,0,911,25,1
36,995,425,18,2
6,422,548,58,4
24,704,416,53,1
34,58,335,9,3
25,293,871,54,1
22,936,880,30,4
3,220,621,7,3
2,702,127,38,1
31,567,189,42,1
20,805,374,53,1
30,618,871,54,1
7,583,657,37,3
40,20,189,42,2
20,843,385,8,3
23,261,442,31,4
7,983,189,37,4
12,289,711,41,1
30,648,895,17,4
19,574,372,37,3
21,497,416,53,4
36,71,703,62,3
45,227,636,64,3
39,116,568,30,4
34,457,228,11,3
3,899,911,25,4
20,956,568,30,3
9,322,154,40,1
31,760,558,13,1
11,75,189,1,1
9,234,264,25,2
14,720,900,13,3
9,212,324,7,3
5,380,307,8,1
43,860,872,7,1
45,622,668,37,1
42,544,374,53,3
34,351,733,1,3
45,434,703,62,3
29,790,793,54,4
2,655,345,45,3
18,214,858,32,1
36,111,961,51,3
23,927,307,8,4
21,413,503,64,4
27,978,500,15,4
35,211,319,2,4
14,357,488,29,3
19,126,895,7,1
22,150,54,21,4
24,850,568,30,3
41,150,231,19,2
18,626,381,19,3
4,909,503,14,4
42,238,324,28,3
19,469,558,36,2
35,407,481,3,4
5,746,703,62,4
31,35,381,19,1
25,356,17,11,1
5,893,703,62,3
38,218,872,7,2
37,683,255,53,2
26,42,442,31,1
22,892,699,48,3
7,938,500,4,2
16,690,17,53,4
9,618,443,15,1
9,684,25,52,2
18,708,645,8,1
34,688,443,39,2
44,978,871,54,1
45,72,442,23,2
35,362,733,58,4
42,179,379,44,3
33,544,525,66,1
32,384,793,18,2
30,352,788,45,3
14,468,872,9,4
24,640,17,11,4
35,330,231,25,2
37,405,481,3,3
35,507,755,8,2
10,448,65,9,2
12,196,834,47,3
11,535,511,53,3
40,81,727,17,2
22,187,449,50,1
44,501,221,47,1
18,167,564,48,4
13,358,54,27,2
10,958,372,30,2
14,109,987,64,2
26,464,818,37,2
27,173,421,51,2
31,912,308,47,3
38,294,335,14,2
15,962,443,12,4
44,970,454,14,4
13,846,425,52,4
42,829,348,14,3
25,651,561,58,3
7,0,307,8,2
18,367,645,34,1
6,219,345,45,2
33,595,866,47,2
11,612,818,36,4
9,126,454,10,3
33,426,228,24,4
2,995,361,40,1
34,737,782,50,2
18,250,110,34,1
20,720,308,47,4
21,901,918,22,3
32,315,527,35,3
37,728,668,37,3
12,91,319,7,3
45,883,231,19,2
11,591,859,47,2
23,61,454,14,4
41,88,425,6,3
9,820,372,40,3
9,902,449,50,2
30,143,564,48,4
35,68,345,45,1
44,162,749,2,4
42,686,749,43,2
13,574,385,28,2
30,71,379,44,3
29,968,967,19,1
2,909,645,8,3
29,131,872,9,1
11,296,872,17,4
22,78,793,54,3
35,648,961,13,1
25,664,987,64,2
1,60,503,14,4
23,939,961,51,3
45,637,449,50,3
37,242,568,30,1
20,963,548,65,3
18,222,421,46,3
21,632,895,17,4
7,375,756,10,1
6,471,359,47,3
42,632,657,37,3
22,927,255,53,4
17,891,421,6,1
20,646,834,9,4
14,193,385,8,4
3,164,940,2,2
43,265,221,9,2
32,982,189,42,1
17,863,189,42,4
10,689,657,37,2
43,420,226,18,4
24,146,25,52,2
38,317,511,34,3
32,574,226,18,3
4,700,54,27,3
33,694,374,53,3
34,948,775,2,1
37,577,479,22,1
44,433,775,65,1
30,389,379,44,3
37,428,525,66,1
26,422,645,10,1
17,261,895,64,1
2,494,285,54,1
10,968,511,34,2
1,596,359,14,4
42,813,775,66,1
28,470,348,34,3
33,115,727,17,1
13,267,755,49,3
26,794,371,22,2
28,240,228,24,3
29,352,439,16,1
7,690,858,32,1
12,630,558,36,2
32,573,940,51,3
18,920,152,44,3
40,945,503,14,1
27,672,230,28,3
12,710,561,58,4
4,420,255,53,1
29,595,733,1,4
20,113,92,56,3
45,993,348,8,4
21,882,443,12,3
20,837,527,35,4
6,7,152,44,2
35,290,733,1,4
37,36,967,39,1
21,297,866,51,4
43,835,178,49,2
2,55,755,17,3
25,24,858,43,3
2,247,488,29,3
14,676,416,61,4
22,536,699,48,4
10,328,645,34,4
23,736,711,22,2
29,393,940,41,2
34,753,454,66,3
41,486,127,32,1
11,883,230,35,2
15,168,374,53,2
15,776,443,1,1
41,574,756,10,1
21,555,880,11,1
39,508,221,16,4
34,634,621,32,3
21,222,597,42,2
14,600,511,53,3
14,424,500,15,4
35,325,92,56,4
23,403,775,65,1
34,238,385,8,1
26,200,503,61,3
36,770,788,45,3
26,390,645,8,3
28,547,443,39,1
38,535,319,7,2
22,412,987,64,1
11,411,348,34,2
37,744,900,13,3
1,139,657,37,2
35,271,154,2,4
44,701,511,34,3
25,8,895,7,1
19,412,385,33,3
34,133,285,54,2
2,575,379,44,3
12,813,189,1,4
2,184,895,64,4
15,602,481,3,1
22,882,621,47,3
10,640,442,31,3
45,926,439,16,1
18,856,65,9,1
27,234,17,22,1
44,715,867,25,1
43,664,318,57,3
45,817,680,59,3
6,401,561,58,1
29,305,324,7,3
9,693,416,43,1
35,852,527,35,1
8,971,711,41,1
45,457,793,67,3
10,948,657,37,3
4,585,443,39,4
16,463,818,36,2
30,168,858,43,2
38,812,703,62,4
31,209,973,59,2
21,314,152,29,3
11,908,680,36,1
3,268,527,35,3
5,96,733,58,2
32,738,961,13,2
42,886,880,55,4
35,637,867,25,4
41,886,918,8,3
38,413,442,31,1
23,357,561,58,3
10,134,872,17,2
13,76,859,47,3
42,427,152,44,4
16,509,542,36,4
34,536,379,44,3
13,10,92,18,1
23,242,766,47,3
33,827,597,42,3
8,795,416,61,3
44,903,766,47,3
43,352,481,3,4
4,316,967,39,3
19,435,967,50,1
23,224,430,68,4
33,814,189,46,2
10,586,319,7,2
32,459,961,51,4
19,433,308,59,3
23,296,371,64,3
28,627,189,1,3
25,350,226,29,4
45,736,564,48,4
26,495,548,44,4
2,329,782,50,2
39,390,454,10,3
37,928,443,15,1
21,259,65,9,2
33,156,481,3,1
17,58,430,68,1
5,160,255,53,2
16,801,54,21,3
16,338,871,28,2
19,516,154,8,4
23,817,680,36,2
19,469,372,30,2
2,888,782,50,4
28,869,782,50,4
30,124,345,45,3
40,815,918,22,3
18,889,872,17,2
37,690,756,10,3
14,876,597,42,2
22,830,454,14,2
26,352,564,48,3
22,965,918,22,3
11,776,178,48,1
26,233,443,1,3
19,566,439,16,2
33,619,568,30,2
7,384,416,43,1
44,545,221,9,1
37,979,379,44,2
21,72,597,11,1
5,131,733,7,1
4,663,307,8,3
32,686,307,8,2
25,486,680,59,2
34,705,867,25,1
25,295,561,58,2
1,584,307,8,2
22,541,867,25,2
28,684,54,21,3
39,347,479,14,2
28,56,561,58,4
40,52,154,40,2
9,198,374,53,1
11,234,345,45,2
21,974,782,12,1
8,617,987,64,2
14,857,319,2,3
21,792,255,53,1
19,748,657,37,4
37,620,511,53,3
31,771,668,37,1
23,980,703,62,1
30,218,880,55,2
43,865,766,47,4
31,712,793,18,4
32,417,987,18,1
28,271,221,16,3
25,922,858,43,2
43,510,711,31,4
27,401,749,32,3
6,183,154,40,2
5,510,594,29,2
39,309,871,28,2
1,588,425,6,2
5,207,621,7,3
44,18,348,14,4
13,27,318,25,3
2,18,230,28,2
27,804,967,19,3
6,938,987,18,4
39,390,308,47,2
14,710,154,8,4
16,536,361,19,3
25,540,636,64,3
27,291,127,32,4
26,296,127,32,3
35,188,788,45,3
32,271,421,51,2
17,258,361,67,2
28,182,961,51,3
32,573,361,44,4
16,912,189,1,3
32,747,285,54,4
10,577,895,17,3
22,344,621,32,4
44,925,558,36,2
27,203,255,53,4
42,852,221,47,3
15,344,871,54,4
18,90,511,53,2
12,424,65,9,3
27,633,481,3,1
5,28,92,56,3
4,704,657,37,2
27,409,385,33,4
6,281,918,22,3
30,815,561,58,3
33,304,499,18,2
11,904,775,2,1
40,717,511,34,4
15,155,479,47,3
39,368,558,13,1
27,56,425,6,4
14,248,733,58,4
25,96,110,60,1
17,338,699,48,2
41,342,621,7,2
37,148,264,56,3
21,929,749,2,1
30,563,430,68,1
39,334,699,48,4
5,116,319,7,1
36,486,727,17,1
5,106,372,30,2
31,280,379,44,2
20,710,285,65,2
17,804,788,20,3
24,338,285,65,3
19,510,381,6,4
19,969,525,68,2
14,943,699,48,4
8,57,527,35,1
30,44,54,21,2
7,786,621,31,3
45,434,221,9,4
42,214,439,19,4
1,352,307,8,2
15,253,54,21,3
31,626,439,19,1
42,268,699,48,4
4,250,189,46,1
24,380,499,18,2
14,646,733,7,3
10,161,178,48,3
40,698,598,6,4
33,851,319,2,2
19,12,221,9,1
33,531,871,28,1
14,332,318,24,4
20,634,766,47,4
39,50,756,10,1
30,18,775,66,4
18,627,385,33,4
18,220,558,13,2
24,214,568,30,2
5,820,597,33,4
9,539,782,12,3
29,475,755,17,1
43,863,430,68,4
4,857,911,25,3
13,912,230,28,1
15,3,924,1,1
26,821,511,34,4
23,188,226,18,2
38,450,568,30,4
44,185,379,44,3
3,629,228,11,2
26,928,425,52,3
30,553,680,36,4
15,629,481,3,2
12,403,973,14,1
1,586,711,47,2
45,643,318,25,2
18,389,967,19,3
20,842,733,58,1
21,652,361,67,3
40,16,385,5,1
18,758,221,16,1
26,320,900,13,1
35,655,65,9,2
33,860,127,32,3
37,51,542,36,1
20,29,749,29,4
24,310,594,29,3
21,10,308,47,2
37,366,834,9,1
6,923,733,58,4
22,262,940,21,3
12,945,449,50,3
36,765,749,2,1
45,970,226,18,4
22,570,371,22,3
22,436,372,40,2
29,563,788,45,1
22,701,359,14,2
35,516,775,66,1
15,710,636,64,1
6,167,727,17,1
17,367,680,36,2
10,517,318,25,2
41,784,255,53,2
1,263,421,6,2
34,826,500,4,1
42,58,818,36,3
36,188,178,48,3
28,773,711,22,2
1,974,178,48,1
16,573,568,30,2
24,330,488,29,4
25,843,500,4,4
44,410,381,6,1
38,592,766,47,1
38,882,154,33,2
32,265,430,68,1
25,215,231,25,1
12,223,900,13,2
27,728,503,61,3
34,723,680,47,2
27,100,727,17,4
9,635,503,14,2
3,747,374,53,4
32,56,866,51,4
35,322,25,52,1
22,894,178,48,2
29,601,230,35,4
18,906,711,41,2
4,876,967,9,2
41,219,335,14,4
14,879,442,23,2
10,320,264,25,2
24,451,788,20,1
12,18,264,56,3
21,296,230,28,2
5,190,755,8,1
16,678,221,16,2
44,626,900,13,3
31,965,221,47,2
24,633,880,30,1
17,87,597,11,3
42,913,228,24,4
12,869,668,37,1
44,502,231,19,4
1,889,699,48,3
39,340,372,40,3
23,663,430,68,3
21,565,558,13,4
28,413,711,31,2
36,262,525,57,4
40,612,371,31,1
24,455,228,24,4
15,382,372,30,3
24,950,154,8,1
41,465,17,43,3
10,464,500,4,1
29,455,511,53,2
22,459,657,37,1
32,405,703,62,3
15,947,230,35,4
23,362,636,64,1
35,709,503,64,3
33,720,766,47,2
33,27,255,53,3
28,341,439,16,1
33,960,430,68,2
4,739,348,14,4
42,249,230,28,2
26,74,385,33,1
7,203,558,36,4
43,76,318,57,3
29,448,264,56,4
29,608,361,19,2
12,95,335,14,3
2,794,361,19,2
23,57,900,13,2
17,820,430,68,1
38,386,568,30,1
3,865,421,46,1
45,765,348,34,4
28,204,668,37,4
13,181,987,64,3
23,925,918,22,2
42,848,527,35,4
41,729,308,59,2
25,389,775,65,1
26,917,564,48,3
28,219,703,62,2
7,816,189,42,2
28,832,92,56,4
19,893,228,11,2
44,612,372,30,4
23,133,542,56,1
20,607,230,35,4
27,825,449,50,1
28,491,307,8,2
12,560,711,47,4
39,953,430,68,4
17,340,880,55,4
3,401,154,2,2
44,886,636,64,3
37,456,230,35,4
1,502,226,18,1
40,82,255,53,4
5,637,880,11,2
37,355,479,47,1
36,998,479,47,3
39,675,319,2,1
39,807,499,14,2
40,819,657,37,2
19,521,226,18,2
6,830,503,64,1
33,492,374,53,2
4,404,598,10,4
28,263,324,28,1
32,254,987,64,3
2,693,859,67,4
5,111,711,47,1
38,831,711,22,1
15,220,454,10,2
39,207,481,3,2
35,783,782,12,2
29,77,361,19,1
7,951,782,12,4
39,778,92,56,3
45,195,348,34,3
25,845,372,30,3
39,299,479,14,1
30,75,318,57,1
33,243,527,35,3
30,393,348,34,1
36,537,385,5,2
27,252,561,58,2
45,780,65,9,4
23,632,449,50,4
32,95,911,25,4
31,712,859,67,2
7,496,503,61,3
1,133,231,25,4
40,811,443,1,3
11,93,221,47,4
25,302,421,51,2
8,591,967,39,1
36,90,866,47,1
36,408,152,29,2
28,518,940,41,1
26,477,818,36,4
23,168,189,37,2
24,267,733,7,1
35,466,479,13,2
20,812,818,41,2
31,879,318,41,1
29,343,318,57,2
16,536,308,59,2
21,458,621,31,4
7,237,381,65,3
34,96,442,31,4
7,613,25,52,1
16,723,65,9,4
36,175,775,66,3
44,814,542,63,4
25,157,230,28,2
33,980,442,31,4
22,46,488,29,1
45,81,335,14,4
17,813,973,44,2
32,165,335,14,1
9,331,308,47,4
11,180,374,53,3
4,237,359,51,3
16,494,561,58,2
39,261,900,13,3
3,757,381,19,1
7,553,127,38,2
1,283,361,44,1
42,761,285,65,3
6,299,568,30,3
32,923,775,66,1
7,354,324,28,2
12,74,503,64,4
30,945,895,7,3
23,16,561,58,4
44,401,782,12,3
1,433,911,25,3
24,321,285,54,3
10,751,379,44,4
21,107,880,11,1
8,599,568,30,4
27,770,703,62,1
40,994,749,2,2
30,252,940,41,2
4,311,442,31,4
24,334,479,47,4
25,457,645,34,3
31,412,756,10,4
7,8,866,51,4
44,69,228,11,2
6,18,680,36,2
10,723,895,7,4
29,299,987,18,2
16,260,525,66,2
17,812,733,7,4
22,602,657,37,2
16,151,442,31,4
10,623,657,37,4
22,581,711,22,2
7,827,481,3,4
26,362,374,53,1
23,763,636,64,2
6,860,503,14,4
44,964,558,62,3
31,402,636,64,4
10,958,973,43,3
35,346,454,14,3
32,84,359,51,1
16,746,228,11,4
6,850,788,45,3
34,276,733,1,2
13,748,319,7,3
35,32,775,66,3
38,625,900,13,4
14,30,548,58,4
44,68,152,44,4
14,350,308,59,2
8,512,918,8,1
13,126,127,32,3
19,116,228,24,2
2,559,911,25,1
32,487,154,40,2
12,97,788,45,1
9,81,866,51,3
29,870,481,3,1
31,581,967,19,4
31,444,230,35,3
24,613,858,43,4
10,577,54,21,4
9,197,727,17,2
2,543,733,1,3
20,506,92,53,1
8,174,110,34,3
20,852,110,64,1
1,440,479,14,2
41,850,481,3,1
6,262,859,67,2
44,553,152,44,3
18,233,439,16,3
25,329,481,3,2
29,577,924,1,1
45,509,511,53,2
32,140,430,68,2
43,257,711,22,2
29,182,511,53,4
10,717,374,53,1
21,707,598,20,4
25,773,381,6,1
24,919,621,32,2
23,836,255,53,2
37,344,308,59,2
4,407,775,66,3
13,857,918,22,4
36,934,918,8,4
24,677,733,1,2
6,429,92,11,1
32,395,230,28,2
19,315,285,54,4
29,620,421,60,4
1,494,307,8,4
33,807,598,27,3
12,317,895,7,3
31,399,597,11,3
3,369,782,12,1
12,332,973,59,2
20,463,568,30,2
32,738,561,58,3
37,397,307,8,4
9,176,568,30,1
9,971,961,51,4
34,21,793,54,1
3,623,374,53,3
20,66,527,35,2
28,483,385,28,4
19,786,918,22,4
14,146,900,13,4
6,916,421,6,3
27,403,92,53,4
9,483,228,24,3
39,222,425,18,2
33,746,17,11,2
36,728,425,18,2
12,718,371,66,1
1,219,621,31,2
31,232,973,43,3
44,135,421,51,2
6,184,775,65,3
38,187,527,35,1
17,334,727,17,1
33,369,345,45,1
18,37,421,51,2
31,581,454,66,4
13,44,940,21,1
31,740,371,66,1
3,975,961,51,3
21,532,788,45,2
43,456,230,35,1
12,517,866,47,1
19,82,230,35,4
19,936,766,47,3
14,748,834,47,4
43,939,359,47,2
27,820,421,51,3
16,166,766,47,3
19,214,594,29,4
3,538,503,14,4
32,90,703,62,4
9,529,680,47,3
34,46,703,62,4
9,583,127,32,3
42,930,867,25,2
14,777,657,37,1
15,364,255,53,2
14,982,558,62,2
37,474,866,47,1
28,357,542,56,3
26,653,961,21,3
25,754,680,47,2
41,585,92,53,2
37,650,65,9,1
14,979,918,22,2
3,384,371,64,3
14,417,680,59,2
30,985,657,37,4
6,501,598,10,2
41,644,782,12,1
32,560,308,59,1
6,205,940,51,1
16,87,621,7,3
9,339,872,9,4
13,321,230,28,3
43,328,834,31,2
40,583,872,17,2
11,613,255,53,3
2,58,749,43,1
31,838,488,29,1
27,156,503,61,2
10,999,230,35,4
18,133,499,43,3
14,629,594,29,1
37,96,454,14,1
8,81,657,37,3
8,243,645,10,4
24,219,226,18,2
11,258,25,52,2
39,509,454,66,3
36,797,17,53,4
38,978,127,38,2
29,139,359,51,4
7,577,680,59,1
1,531,319,7,1
11,244,65,9,3
30,832,872,17,4
24,198,228,24,1
22,391,568,30,3
21,702,348,14,1
41,395,645,10,2
6,429,636,64,4
28,111,65,9,1
9,234,361,67,1
44,213,568,30,2
21,654,818,32,3
45,393,542,61,1
24,504,319,7,1
27,665,385,33,1
40,268,645,34,4
22,332,699,48,1
3,468,568,30,3
22,43,361,67,4
5,731,226,18,2
45,675,318,41,3
31,799,361,19,4
21,675,324,7,3
19,227,255,53,3
35,272,152,44,3
24,91,25,52,3
27,162,782,50,4
44,524,967,9,4
16,939,775,66,2
8,61,834,47,1
30,314,425,6,1
1,373,645,8,2
34,262,867,25,1
32,578,818,36,4
23,261,598,20,3
28,894,231,61,3
20,122,793,67,1
44,413,308,47,1
25,932,834,47,4
31,575,264,56,2
26,779,756,10,2
21,398,54,27,3
37,407,645,8,1
45,239,727,17,2
24,218,558,13,3
10,983,335,14,1
27,625,319,7,2
35,250,379,44,1
10,234,967,50,1
8,23,866,47,3
25,144,189,37,1
7,234,385,8,4
8,91,372,40,4
9,943,318,24,4
32,687,711,47,3
13,96,335,9,4
22,200,818,32,3
19,445,967,9,1
21,259,657,37,1
28,919,335,9,3
24,268,379,44,1
16,628,727,17,3
5,617,859,67,1
38,853,264,51,4
15,394,449,50,2
43,164,657,37,1
9,690,443,12,4
28,591,231,25,3
28,26,880,30,1
26,907,527,35,2
10,97,668,37,2
13,252,621,7,1
17,259,324,7,1
33,829,568,30,1
30,832,425,18,2
26,916,749,29,2
39,322,872,17,3
44,31,454,66,4
44,823,733,1,2
25,491,189,46,4
19,67,416,53,3
24,70,775,2,2
20,607,793,54,2
25,972,319,2,2
43,585,597,52,4
37,26,359,47,2
37,852,749,29,4
26,200,127,38,2
42,634,668,37,2
41,347,442,31,2
1,428,564,48,4
27,88,788,45,1
8,490,818,37,2
26,807,645,34,1
9,317,499,18,4
33,222,189,42,4
24,199,348,14,3
22,931,668,37,3
3,812,17,11,4
37,760,421,6,3
6,897,564,48,4
14,144,657,37,3
23,808,727,17,1
13,717,503,14,2
20,836,499,14,2
14,572,345,45,2
41,135,788,20,4
44,948,558,36,3
17,827,152,44,2
22,192,361,67,1
22,201,733,7,3
30,238,500,15,4
20,354,973,59,1
22,377,381,19,2
28,61,255,53,1
7,574,895,17,1
20,492,221,16,1
26,622,895,64,4
3,387,231,19,2
27,690,911,25,1
10,728,987,64,1
22,921,880,11,4
7,115,488,29,3
41,526,657,37,2
5,100,152,29,4
41,960,443,15,1
17,516,308,59,4
8,243,788,20,4
15,865,858,32,4
15,719,152,44,4
21,811,379,44,1
13,482,500,4,1
26,291,500,4,2
18,193,488,29,2
42,715,699,48,2
6,631,25,52,4
31,27,525,68,4
11,585,54,27,1
29,982,307,8,3
26,140,621,32,4
27,501,900,13,1
34,608,987,18,4
17,541,834,26,1
11,50,703,62,4
35,427,324,28,2
12,932,699,48,4
25,72,568,30,4
15,311,834,31,1
17,857,542,63,4
1,164,442,23,4
9,12,425,18,4
6,16,621,31,2
19,887,381,19,2
32,187,228,11,3
33,161,775,65,1
44,906,371,31,1
34,325,449,50,1
9,642,345,45,3
16,349,788,20,2
42,666,430,68,1
19,602,371,22,3
23,79,987,64,4
30,580,324,43,2
36,458,788,20,2
9,483,793,8,1
39,397,594,29,2
3,721,940,2,2
14,661,775,65,1
29,355,872,9,2
40,185,416,53,1
42,39,421,46,3
7,501,416,61,4
21,218,264,13,2
13,613,318,24,1
33,336,703,62,2
43,697,454,14,2
19,79,859,47,1
8,478,668,37,3
1,851,127,38,2
18,893,430,68,3
10,26,987,64,4
23,343,361,40,4
19,135,499,14,2
42,619,973,43,3
15,254,558,62,4
29,792,17,43,4
30,422,548,4,2
36,99,127,32,3
31,389,703,62,1
13,471,307,8,3
1,419,25,52,3
29,628,636,64,4
41,296,479,14,1
29,563,154,40,1
43,736,503,61,4
14,634,818,32,3
32,649,381,19,1
26,541,788,20,2
44,566,307,8,3
12,908,264,56,4
40,634,911,25,2
10,994,324,28,4
22,953,503,14,2
31,24,880,11,2
29,804,127,38,3
9,157,152,29,4
39,234,788,20,1
40,290,221,16,4
40,234,361,40,1
5,514,525,57,2
20,470,110,34,2
3,892,699,48,4
29,789,228,11,3
15,888,361,40,4
41,268,918,8,2
23,975,178,48,2
9,12,636,64,4
14,528,308,59,4
9,470,668,37,3
35,694,756,10,4
17,660,733,58,4
7,233,657,37,3
6,651,285,35,4
16,143,859,47,1
6,490,348,8,4
8,470,564,48,3
40,551,880,55,3
19,518,318,57,1
11,983,880,30,3
12,131,359,51,3
20,764,924,1,3
29,95,92,18,4
40,947,973,14,4
40,783,788,20,1
26,501,442,23,2
26,753,348,14,4
43,779,527,35,1
31,164,895,64,3
3,869,924,1,3
37,155,564,48,4
35,853,361,67,4
10,139,568,30,3
2,799,775,2,4
1,463,335,9,1
20,37,940,2,1
29,684,711,41,3
19,291,973,43,3
45,795,895,7,3
6,270,542,61,1
15,122,374,53,1
13,281,503,14,2
28,350,65,9,1
4,72,385,8,2
19,43,940,51,1
28,340,568,30,1
29,627,54,21,1
29,2,918,8,3
13,31,594,29,1
16,801,335,9,3
38,839,500,15,4
12,410,756,10,3
43,922,918,53,3
43,857,152,44,4
22,169,307,8,3
36,280,548,44,4
15,652,818,36,2
44,505,568,30,1
30,683,425,67,2
14,174,374,53,3
38,2,548,58,2
7,108,372,37,1
26,440,189,37,4
10,470,385,33,4
38,887,221,16,2
34,544,127,38,3
36,817,454,66,2
22,93,54,21,2
27,239,858,32,1
21,364,285,65,4
1,90,818,37,4
40,854,285,65,4
44,440,230,35,4
16,583,371,31,1
20,174,228,24,4
1,482,548,58,3
12,455,430,68,3
29,632,511,34,3
43,69,525,57,4
23,736,454,66,4
18,114,911,25,2
1,61,733,1,1
23,382,711,47,3
30,424,255,53,3
4,799,940,2,1
1,96,871,28,1
14,649,454,66,4
42,573,818,37,3
1,302,307,8,3
5,391,564,48,4
19,620,703,62,4
19,187,430,68,1
27,763,880,30,4
10,61,479,47,1
37,277,636,64,3
6,166,255,53,2
9,90,834,47,3
25,312,189,37,1
12,317,645,8,3
13,808,871,54,1
26,132,381,6,2
33,364,17,11,2
20,576,228,24,4
6,45,318,57,1
5,765,918,8,1
29,55,454,14,4
15,642,319,2,3
44,129,454,66,2
39,250,335,9,1
7,484,564,48,4
23,724,92,56,4
35,781,793,18,3
16,321,548,4,3
21,684,381,19,3
14,567,568,30,1
36,18,189,1,1
42,174,568,30,2
6,719,379,44,4
15,517,598,27,1
33,355,788,20,3
30,655,443,39,1
10,666,228,24,2
25,253,775,66,2
5,388,379,44,2
9,184,416,53,3
4,346,221,9,2
41,884,25,52,4
17,487,319,2,2
5,774,961,13,3
11,327,867,25,4
27,652,499,18,3
39,173,481,3,1
24,18,858,32,2
32,607,385,33,2
9,316,680,59,1
40,816,880,55,4
14,896,449,50,1
1,7,308,59,2
36,26,442,31,2
23,826,867,25,4
5,586,788,20,2
32,16,568,30,4
29,198,711,41,2
23,346,416,53,1
19,492,255,53,3
25,412,766,47,3
45,100,782,50,2
18,237,449,50,3
45,826,503,14,1
27,66,756,10,1
39,570,755,17,2
10,194,699,48,2
30,609,561,58,1
39,632,527,35,1
43,576,940,41,4
7,659,924,1,2
42,179,385,5,3
40,2,793,18,3
20,538,561,58,2
16,171,911,25,4
25,748,425,52,2
