classID,studentID
0,6339
0,7291
0,9926
0,2711
0,692
0,4434
0,1102
0,7607
0,4778
0,325
0,6128
0,2960
0,7217
0,1735
0,4163
0,5932
0,4955
0,6569
0,279
0,2470
0,2982
0,7511
0,2501
0,8080
0,5499
0,823
0,1077
0,4457
0,7807
0,4748
0,3371
0,6576
0,4158
0,711
0,5827
0,6264
0,8430
0,2356
0,7924
0,1386
0,1027
0,6946
0,4943
0,6724
0,9551
0,9731
0,4325
0,4545
0,1837
0,8580
0,3098
0,4868
0,7152
0,3301
0,4698
0,2769
0,2215
0,2088
0,8613
0,3890
1,4599
1,9782
1,8950
1,2357
1,53
1,6987
1,7943
1,4381
1,1434
1,4205
1,8828
1,1532
1,8481
1,1019
1,3102
1,8531
1,1752
1,3871
1,8349
1,2991
1,3940
1,6894
1,2027
1,8442
1,8516
1,2367
1,5570
1,2204
1,5833
1,3750
1,6098
1,2589
1,2486
1,1890
1,2093
1,3454
1,2672
1,2665
1,7614
1,3424
1,9891
1,4620
1,3878
1,1178
1,5832
1,4075
1,6143
1,8331
1,5829
1,6223
1,9530
1,5070
1,8335
1,6497
1,8037
1,622
1,7610
1,3861
1,4830
1,9990
1,9759
1,7186
1,6769
1,7869
1,3771
1,6664
1,9010
1,8656
1,3678
1,6702
1,1063
1,2739
1,3114
1,4669
1,3825
1,3134
2,6177
2,9817
2,2222
2,6558
2,7758
2,4007
2,5957
2,4938
2,6406
2,3783
2,7227
2,451
2,5494
2,5877
2,4863
2,5743
2,7041
2,4105
2,3596
2,7591
2,8894
2,9294
2,2894
2,1645
2,5058
2,2159
2,9751
2,2196
2,7021
2,8808
2,7751
2,7809
2,105
2,4916
2,4385
2,8270
2,9092
2,8798
2,971
2,4222
2,5119
2,2831
2,907
2,4336
2,3095
2,5473
2,2390
2,1137
2,8295
2,9177
2,8839
2,4140
2,3583
2,4479
2,2012
2,6542
2,1378
2,2908
2,5922
2,7939
2,5894
2,4639
2,8734
2,2760
2,7438
2,7930
2,5083
2,8928
2,1791
2,119
2,7297
2,1264
2,6161
2,6466
2,8415
2,1920
2,9213
2,7649
2,81
2,8479
2,3938
2,1960
2,3217
2,3709
2,8199
3,5304
3,4887
3,8303
3,3227
3,82
3,4974
3,5127
3,1251
3,4442
3,633
3,2870
3,6401
3,7260
3,4447
3,104
3,2379
3,538
3,7729
3,5642
3,7474
3,1718
3,1846
3,6358
3,87
3,3201
3,8941
3,6990
3,8728
3,1211
3,9884
3,2220
3,4727
3,1135
3,5016
3,1014
3,4018
3,7974
3,4837
3,7144
3,2701
3,2569
3,9076
3,5529
3,6811
3,6585
3,7945
3,8781
3,7968
3,6752
3,3181
3,7700
3,5034
3,1193
3,6296
3,7001
3,5451
3,3110
3,588
3,2813
3,9319
3,4991
3,3599
3,6404
3,2040
3,1088
3,4795
3,4528
3,2559
3,9725
3,3619
3,7767
3,1281
3,2524
3,8607
3,6765
3,8161
3,8878
3,9324
3,6810
3,3076
3,7926
3,6491
3,3055
3,8424
3,6016
3,1275
3,7369
3,2205
3,8975
3,6805
3,5354
3,372
3,8128
3,9371
4,3104
4,5090
4,2927
4,9703
4,6543
4,7620
4,7780
4,259
4,4913
4,6581
4,6269
4,3961
4,2987
4,6077
4,1671
4,4900
4,1236
4,9639
4,8951
4,4665
4,7233
4,1204
4,4192
4,6593
4,3158
4,6660
4,8298
4,949
4,5484
4,8865
4,98
4,7307
4,9019
4,5540
4,9460
4,9632
4,4130
4,4351
4,1120
4,1131
4,2352
4,9165
4,9596
4,7677
4,9278
4,8346
4,4370
4,3564
4,458
4,4343
4,3003
4,1629
4,2992
4,5462
4,944
4,7330
4,8916
4,3268
4,3673
4,4563
4,6663
4,8085
4,9929
4,1029
4,5087
5,4680
5,5361
5,4737
5,2481
5,5055
5,5668
5,91
5,3732
5,1145
5,7814
5,4997
5,1338
5,554
5,3475
5,5232
5,6529
5,7325
5,2573
5,8054
5,2061
5,8007
5,1814
5,854
5,4164
5,6622
5,4272
5,8594
5,6321
5,5916
5,7811
5,4793
5,4009
5,5507
5,9117
5,2734
5,2051
5,117
5,9749
5,1606
5,1795
5,8761
5,6877
5,1815
5,6160
5,8168
6,8283
6,2835
6,4092
6,5376
6,57
6,3634
6,2253
6,1463
6,7132
6,8899
6,7380
6,8849
6,2718
6,5429
6,4366
6,4624
6,9733
6,4832
6,3135
6,8786
6,3630
6,6089
6,6317
6,6532
6,202
6,4513
6,3679
6,2685
6,1146
6,5068
6,2451
6,8264
6,3604
6,8320
6,7776
6,7917
6,7803
6,5367
6,752
6,2084
6,9544
6,5239
6,6523
6,5548
6,3929
6,3764
6,9257
6,9357
6,5683
7,1848
7,5155
7,192
7,5585
7,3869
7,1599
7,2947
7,7813
7,831
7,6368
7,7275
7,8332
7,4672
7,4643
7,8529
7,2717
7,6762
7,3481
7,9176
7,510
7,4872
7,9312
7,8869
7,1011
7,1517
7,1827
7,2457
7,5836
7,4562
7,5679
7,5740
7,5817
7,2772
7,5314
8,1743
8,9398
8,1483
8,1423
8,6250
8,1109
8,7402
8,6074
8,7060
8,6385
8,5674
8,2297
8,6019
8,9897
8,3992
8,1734
8,7654
8,3401
8,5774
8,5737
8,2203
8,8056
8,872
8,867
8,6925
8,7358
8,5527
8,5977
8,2714
8,9814
8,3274
8,133
8,8245
8,9364
8,4165
8,726
8,5569
8,1276
8,8155
8,7316
8,989
8,1360
8,863
8,8101
8,3669
8,9235
8,481
8,6531
8,5418
8,267
8,8275
8,4814
8,4962
8,5156
8,413
8,5172
8,2070
8,1643
8,8638
8,1886
8,571
8,1701
8,2812
8,8533
8,1259
8,2710
8,8852
8,9721
8,8222
8,5498
8,5953
8,4110
8,6573
9,4812
9,1554
9,8182
9,8522
9,9665
9,7484
9,7321
9,1929
9,7120
9,1224
9,1767
9,1522
9,3372
9,2019
9,6632
9,5534
9,3910
9,7310
9,3172
9,1098
9,2903
9,5045
9,7298
9,7676
10,8815
10,44
10,6427
10,4678
10,4762
10,3462
10,5181
10,9179
10,5258
10,8075
10,4733
10,8811
10,8143
10,1861
10,2523
10,688
10,955
10,908
10,6761
10,7103
10,9848
10,379
10,6116
10,2892
10,8701
10,4775
10,1273
10,4641
10,2706
10,4628
10,8812
10,479
10,8890
10,2956
10,1738
10,7304
10,1233
10,5234
10,6408
10,7551
10,5235
10,3654
10,8668
10,6257
10,9562
10,6727
10,6276
10,8024
10,7875
10,7354
10,9991
10,5588
10,1571
10,229
10,8382
10,2869
10,5120
10,3834
10,4853
10,2833
10,8830
10,7480
10,1751
10,1530
10,6126
10,3267
10,6189
10,579
10,3437
10,8915
10,3841
10,9608
10,2731
10,1802
10,1879
10,1686
10,2686
10,6799
10,1306
10,5636
10,7901
10,9744
10,3303
10,9660
10,8599
10,3030
10,2071
10,7242
10,1509
10,9031
10,2121
10,8489
10,6700
10,703
10,5363
10,4738
10,5826
11,609
11,2439
11,3618
11,4959
11,6548
11,2525
11,9416
11,9986
11,6828
11,5584
11,2898
11,628
11,2775
11,6400
11,7848
11,1529
11,2341
11,2552
11,1404
11,4555
11,4546
11,2095
11,4410
11,2252
11,6159
11,6989
11,5444
11,3860
11,4350
11,9571
11,6351
11,4532
11,1458
11,9262
11,3711
11,9430
11,8386
11,8003
11,7661
11,5486
11,1944
11,6344
11,4694
11,2792
11,7694
11,38
11,9390
11,9716
11,7095
11,4234
11,8172
11,3275
11,1698
11,1134
11,7399
11,1812
11,935
11,5178
11,9476
11,2888
11,7583
12,8071
12,3382
12,9348
12,5102
12,3178
12,3270
12,4594
12,6849
12,8207
12,2986
12,6319
12,3800
12,2696
12,7892
12,1089
12,1576
12,2098
12,939
12,2251
12,8152
12,9737
12,4495
12,5918
12,8593
12,6759
12,8272
12,1322
12,7026
12,6411
12,7992
12,6288
13,5692
13,1719
13,1173
13,2853
13,1903
13,8306
13,2625
13,1504
13,7458
13,7329
13,1897
13,6214
13,7988
13,8851
13,6726
13,2134
13,2554
13,1448
13,6606
13,8184
13,8881
13,2336
13,8966
13,9669
13,7893
13,5776
13,5618
13,7220
13,9311
13,9713
13,7301
13,902
13,2816
13,3912
13,758
13,6634
13,9261
13,3245
13,6798
13,2985
13,9230
13,9093
13,6315
13,8203
13,6729
13,2530
13,2360
13,3457
13,2245
13,6649
13,4339
13,6979
13,4735
13,172
14,8882
14,7960
14,8462
14,6692
14,3888
14,5126
14,8634
14,8929
14,84
14,4846
14,9144
14,4161
14,9675
14,9123
14,5759
14,7130
14,5931
14,9007
14,4187
14,7911
14,6742
14,4509
14,6588
14,1619
15,6574
15,408
15,1527
15,5175
15,9598
15,422
15,283
15,4394
15,2474
15,9090
15,2030
15,743
15,1
15,855
15,5512
15,1691
15,2011
15,8254
15,2815
15,6508
15,6081
15,700
15,4268
15,6164
15,4374
15,5335
15,6154
15,7465
15,4713
15,2639
15,8687
15,639
15,7473
15,7216
15,85
15,3309
15,5159
15,4032
15,2234
15,9074
15,3949
15,5775
15,3430
15,5149
15,737
15,4529
15,9035
15,3271
15,3407
15,8670
15,8711
15,2344
15,384
15,5000
15,5189
15,1942
15,3633
15,9576
15,1243
15,8901
15,9206
15,2834
16,6995
16,8792
16,6614
16,3109
16,8729
16,1126
16,2557
16,1730
16,1688
16,4126
16,1310
16,2966
16,8570
16,7461
16,8768
16,1395
16,6438
16,2914
16,4429
16,5632
16,5128
16,5722
16,7505
16,6080
16,8255
16,278
16,1075
16,898
16,5483
16,5125
16,7442
16,2527
16,9793
16,2127
16,8219
17,3140
17,9473
17,2021
17,3727
17,9132
17,5981
17,2411
17,4307
17,494
17,7736
17,9171
17,6547
17,3551
17,3663
17,7411
17,8763
17,378
17,3090
17,8891
17,5516
17,2462
17,3347
17,9715
17,2823
17,4608
17,653
17,8158
17,1232
17,9040
17,9788
17,6773
17,90
17,190
17,8907
17,9718
17,6109
17,11
17,8536
17,112
17,2301
17,905
17,5285
17,5116
17,7456
17,732
17,8236
17,4632
17,8099
17,5873
17,9933
17,5845
17,9864
17,3644
17,8365
17,5930
17,2849
17,9536
17,4634
17,8466
17,2443
17,3865
17,9045
17,8098
17,4425
17,440
17,3238
17,6920
17,4419
17,3543
17,8649
18,9226
18,7843
18,9245
18,1690
18,5004
18,7315
18,7348
18,9823
18,7900
18,7189
18,8528
18,6312
18,3736
18,3416
18,9174
18,6556
18,4133
18,1225
18,9489
18,9727
18,5212
18,8017
18,2421
18,2132
18,7933
18,6196
18,8767
18,2561
18,7735
18,4681
18,5546
18,5066
18,9728
18,7199
18,4452
18,123
18,7343
18,6323
18,8070
18,4353
18,5143
18,942
18,738
18,1836
18,3999
18,783
18,932
18,381
18,2521
18,7382
18,6831
18,6490
18,3560
18,9394
18,8297
18,3355
18,9283
18,632
18,2216
18,8935
18,3851
18,7556
18,4613
18,6983
18,7031
18,8782
18,5458
18,6461
18,4741
18,4752
18,9838
18,6135
18,4858
18,4270
18,3069
18,4784
18,2143
18,3336
18,4561
18,3978
18,4368
18,1926
18,7256
18,689
18,563
18,5648
18,7783
18,959
18,4424
18,8862
18,4397
19,2784
19,4193
19,7596
19,8572
19,2427
19,1860
19,8543
19,3942
19,643
19,4711
19,5988
19,2303
19,6370
19,1957
19,6022
19,5615
19,542
19,3538
19,6375
19,3756
19,3954
19,1470
19,3677
19,5790
19,1263
19,8972
19,5895
19,5904
19,6611
19,6876
19,1809
19,6771
19,1205
19,2644
19,535
19,2575
19,9302
19,277
19,4317
19,1339
19,7106
19,4219
19,8605
19,3941
19,3976
19,7239
19,4989
19,5174
19,6568
19,1663
19,8748
19,1750
19,478
19,5503
19,5831
19,8138
19,5907
19,5657
19,8495
19,9796
19,468
19,5500
19,9547
19,55
19,3168
19,6294
19,1240
19,8201
19,1180
19,1105
19,6464
19,5598
19,4540
19,8689
19,5163
19,787
19,3203
19,2169
19,1859
19,7079
19,4129
19,7052
19,5567
19,3222
19,8564
19,7704
20,4055
20,3687
20,5134
20,3332
20,1461
20,7170
20,8650
20,1882
20,9143
20,252
20,2452
20,7397
20,6475
20,5142
20,4548
20,2601
20,2345
20,7294
20,344
20,6001
20,7520
20,8263
20,573
20,47
20,7703
20,1091
20,1451
20,7469
20,7038
20,6343
20,8510
20,923
20,264
20,4281
20,1020
20,1227
20,5804
20,6261
20,5456
20,9362
20,2267
20,3043
20,9347
20,2549
20,2429
20,2194
20,4573
20,3334
20,8162
20,8777
20,2671
20,7361
20,1780
20,7346
20,9376
20,844
20,1032
20,3484
20,3077
20,8396
20,5572
20,1139
20,4454
20,1602
20,8278
20,1857
20,9690
20,3957
20,1782
20,3470
20,9243
20,7546
20,8459
20,9555
20,4395
20,4808
20,8046
20,342
20,6422
20,6764
20,3525
20,8191
21,1883
21,6346
21,1967
21,28
21,8064
21,698
21,3161
21,1889
21,1419
21,1852
21,3011
21,4379
21,1169
21,4998
21,6170
21,2170
21,89
21,3283
21,7452
21,5442
21,4409
21,4835
21,6096
21,656
21,4702
21,6153
21,7265
21,2604
21,3489
21,1717
21,9502
21,9148
21,3065
21,592
21,4627
21,5365
21,7011
22,5614
22,8212
22,6429
22,8366
22,3038
22,1759
22,4800
22,3096
22,4369
22,5958
22,8311
22,7388
22,30
22,3947
22,199
22,1651
22,4230
22,3087
22,7091
22,3817
22,3652
22,6133
22,6477
22,780
22,4859
22,7857
22,6858
22,160
22,144
22,9222
22,2918
22,2690
22,8591
22,7
22,4177
22,6521
22,7725
22,1997
22,223
22,7313
22,173
22,4400
22,1593
22,4918
22,8832
22,5866
22,2446
22,8457
22,7806
22,4707
22,8126
22,5608
22,763
22,3763
22,2100
22,984
22,9543
22,566
22,130
22,2324
22,2333
22,1572
22,168
23,9570
23,3856
23,8897
23,3165
23,3218
23,8606
23,4226
23,3855
23,5711
23,2394
23,2463
23,5169
23,4232
23,9140
23,1711
23,9612
23,1745
23,9404
23,6459
23,611
23,9617
23,8717
23,6175
23,3063
23,3094
23,6860
23,7504
23,72
23,6107
23,528
23,1709
23,9146
23,1194
23,5296
23,4755
23,660
23,7625
23,4355
23,576
23,6863
23,8487
23,7617
23,2434
23,7529
23,7595
23,118
23,8385
23,2426
23,1589
23,3927
23,2663
23,7283
23,2902
23,9711
23,7723
23,52
23,7107
23,4178
23,6058
23,8730
23,2629
23,2288
23,1340
23,4596
23,5313
23,5219
23,6711
23,2749
23,1005
23,3832
23,6078
23,9900
23,7379
23,280
23,95
23,6701
23,7024
23,2243
23,2130
23,668
23,8523
23,7772
23,7731
23,3676
23,5762
23,9253
23,8988
24,4553
24,565
24,4332
24,2354
24,593
24,9437
24,8524
24,2551
24,8571
24,6906
24,6595
24,1930
24,5307
24,4472
24,7471
24,4786
24,257
24,70
24,4461
24,5289
24,3882
24,2859
24,5205
24,4257
24,8022
24,8361
24,1298
24,4697
24,6002
24,8276
24,1428
24,745
24,2970
24,3393
24,1638
24,9001
24,9259
24,7008
24,2730
24,2761
24,8011
24,6857
24,3632
24,6653
24,8820
24,3582
24,8994
24,2036
24,9573
24,7886
24,5959
24,3638
24,2518
24,9178
24,7987
25,1520
25,5482
25,4203
25,4282
25,6563
25,8673
25,4427
25,3793
25,6603
25,3223
25,8130
25,778
25,2513
25,1333
25,9069
25,5228
25,7563
25,7040
25,753
25,1238
25,3891
25,6879
25,4970
25,730
25,8220
26,685
26,3733
26,3058
26,4070
26,5761
26,2983
26,7664
26,178
26,5739
26,5270
26,5658
26,5043
26,6413
26,7631
26,4552
26,4564
26,4414
26,601
26,3028
26,6111
26,3719
26,7154
26,6550
26,3031
26,5625
26,3986
26,626
26,7743
26,6167
26,8391
26,9192
26,7842
26,9451
26,4275
26,9789
26,4978
26,4047
26,9648
26,7157
26,4214
26,2742
26,9624
26,5334
26,9912
26,241
26,2517
26,8519
26,9339
26,1348
26,6814
26,2707
26,4107
26,7535
26,3311
26,9403
26,6393
26,6630
26,2016
26,9004
26,4709
26,6472
26,5630
26,4331
26,6233
26,3446
26,5303
26,2136
26,8031
27,1511
27,6113
27,6301
27,3444
27,64
27,3447
27,2491
27,9449
27,8412
27,8654
27,3612
27,492
27,6608
27,9227
27,1482
27,6953
27,1025
27,7455
27,7210
27,994
27,5256
27,4480
27,1768
27,779
27,4038
27,3972
27,3074
27,5659
27,2727
27,4146
27,7611
27,619
27,9096
27,3036
27,5765
27,864
27,2689
27,4510
27,3209
27,9943
27,6526
27,4603
27,4882
27,7360
27,7645
27,8141
27,461
27,6750
27,4060
27,5601
27,6297
27,1114
27,9712
27,2003
27,2323
27,7398
27,7673
27,6970
27,911
27,3242
27,834
27,9568
27,3848
27,6152
27,5807
27,8248
27,3535
27,9842
27,4396
27,9635
27,4267
27,1417
27,7311
27,840
27,9807
27,6934
27,7623
27,6839
27,6631
27,9054
27,3321
27,8337
27,3299
27,4202
27,9680
27,14
27,3175
27,8877
27,6835
28,8628
28,5594
28,4549
28,9528
28,2029
28,4980
28,4216
28,3945
28,555
28,5747
28,218
28,5137
28,7762
28,8669
28,4102
28,4378
28,7224
28,2981
28,6272
28,1426
28,7659
28,9940
28,5753
28,7722
28,647
28,6415
28,4523
28,9894
28,979
28,2180
28,2945
28,3
28,7861
28,9872
28,1192
28,475
28,8614
28,5154
28,6826
28,5652
28,618
28,7078
28,533
28,2242
28,8077
28,6255
28,722
28,2046
28,6103
28,4233
28,8874
28,520
28,983
28,2602
28,9373
28,5042
28,2980
28,8807
28,9684
28,7914
28,6008
28,6916
28,2057
28,69
28,6514
28,4816
28,3774
28,7816
28,9738
28,8982
28,138
28,901
28,3479
28,3549
28,1321
28,9535
28,7018
29,3323
29,8809
29,6598
29,6533
29,8733
29,5555
29,5926
29,4763
29,8115
29,2007
29,6468
29,2866
29,924
29,9424
29,1182
29,3156
29,9291
29,9987
29,6553
29,945
29,9198
29,890
29,7601
29,330
29,5952
29,9333
29,575
29,1804
29,9468
29,4911
29,8274
29,1966
29,5616
29,3636
29,3164
29,8853
29,3215
29,7292
29,8805
29,5581
29,5392
29,5210
29,54
29,6502
29,3675
29,4037
29,5271
29,6620
29,9985
29,9098
29,4536
29,4194
29,1672
29,4842
29,3449
29,1710
29,1004
29,4348
29,2269
29,6486
29,2081
29,7029
29,9506
29,4354
29,7267
29,5245
29,1923
29,1002
29,9505
29,6331
29,734
29,6741
29,733
29,8603
29,9025
29,7100
29,1847
29,2340
29,9381
29,9905
29,3106
29,2059
29,6572
30,4952
30,4235
30,6444
30,1213
30,4329
30,1604
30,8044
30,1712
30,1215
30,9161
30,8618
30,5780
30,8825
30,9821
30,9666
30,9137
30,4208
30,4677
30,5924
30,3092
30,2409
30,271
30,6205
30,1747
30,4058
30,6119
30,5328
30,3300
30,3896
30,5917
30,4143
30,3572
30,1891
30,4327
30,9485
30,4274
30,2454
30,9483
30,2910
30,6935
30,1143
30,4714
30,7381
30,2050
30,6389
30,5515
30,630
30,9539
30,1217
30,8268
30,8986
30,4635
30,4111
30,9966
30,2300
30,8667
30,5551
30,7711
30,2642
30,3398
30,4357
30,7588
30,1552
30,2827
30,4206
30,1210
30,2998
30,7477
30,7489
30,3056
30,5426
30,2609
30,3626
30,2433
30,9242
30,2670
31,9605
31,1356
31,7092
31,4074
31,3026
31,7162
31,297
31,8518
31,8208
31,5341
31,9346
31,5943
31,9497
31,714
31,8066
31,8109
31,2261
31,8050
31,495
31,142
31,2287
31,1237
31,9989
31,6518
31,6219
31,4295
31,5349
31,250
31,3025
31,1156
31,7995
31,7183
31,7540
31,718
31,9815
31,4227
31,2677
31,6561
31,4364
31,7277
31,1406
31,5419
31,1755
31,6193
31,6847
31,4341
31,3324
31,2846
31,1248
31,775
31,5660
31,1937
31,1258
31,108
31,830
31,1161
31,6248
31,4604
31,396
31,5355
31,3590
31,5812
31,4330
32,7675
32,2302
32,1492
32,4277
32,7977
32,2959
32,1664
32,1625
32,1863
32,2495
32,4002
32,9021
32,2765
32,7835
32,8765
32,204
32,139
32,919
32,2705
32,7885
32,3874
32,2399
32,9858
32,2311
32,5560
32,4169
32,6684
32,9452
32,6650
32,2762
32,6584
32,1661
32,3995
32,2063
32,3189
32,5297
32,9954
32,5310
32,2060
32,678
32,2814
32,1873
32,6792
32,2620
32,8984
32,8033
32,6416
32,4819
32,3591
32,9692
32,8
32,903
32,6049
32,15
32,5799
32,706
32,2154
32,7436
32,3019
32,9802
32,8175
32,3152
32,5839
32,6673
32,1764
32,8997
32,5999
32,6252
32,7878
32,1277
32,7697
32,9934
32,5857
32,5269
32,6760
32,1951
32,6402
32,548
32,2968
32,8727
32,6345
32,5386
32,880
32,9593
32,2162
32,6613
32,7688
32,786
32,7559
32,9967
32,3527
32,974
32,8887
32,8585
33,816
33,4949
33,22
33,8561
33,3248
33,8419
33,8347
33,3285
33,1612
33,3706
33,6390
33,5204
33,4212
33,4470
33,4103
33,2649
33,5750
33,842
33,5171
33,7083
33,3833
33,6800
33,444
33,4619
33,1888
33,2148
33,6148
33,6714
33,2850
33,1970
33,258
33,8473
33,5682
33,8861
33,9919
33,9480
33,2456
33,8627
33,8732
33,2337
33,2856
33,9392
33,246
33,1045
33,5082
33,7228
33,4026
33,4937
33,6479
33,614
33,3787
33,7212
33,981
33,4877
33,8425
34,8228
34,8249
34,198
34,6998
34,3684
34,6059
34,3815
34,471
34,5333
34,9550
34,4091
34,2883
34,1721
34,5062
34,4968
34,2038
34,6131
34,5667
34,9094
34,3982
34,7863
34,2370
34,1761
34,5806
34,725
34,5176
34,6165
34,1675
34,4638
35,7918
35,2477
35,7656
35,2255
35,6725
35,5146
35,7306
35,5320
35,7391
35,1087
35,3196
35,373
35,4565
35,2939
35,8600
35,2137
35,1534
35,4785
35,3998
35,4692
35,1427
35,191
35,9246
35,7516
35,39
35,2728
35,1586
35,3297
35,8716
35,2020
35,676
35,9407
35,8665
35,6332
35,2919
35,7450
35,1770
35,2596
35,9255
35,3045
35,4399
35,2218
35,543
35,188
35,5521
35,8816
35,8949
35,6456
35,214
35,5359
35,3137
35,5332
35,3829
35,4117
35,9044
35,5078
35,9846
35,7527
35,8379
35,7352
35,7226
35,4995
35,1939
35,1058
35,2181
35,3624
35,2316
35,5467
35,4630
35,3579
35,6201
35,5847
35,2338
35,6665
35,6674
35,7508
35,9746
35,3221
35,8088
35,2783
35,8127
35,8273
35,3328
36,1800
36,7801
36,6305
36,5938
36,8630
36,3803
36,4571
36,7793
36,7808
36,8739
36,2286
36,2502
36,1355
36,9141
36,389
36,6753
36,2779
36,5135
36,1893
36,5151
36,67
36,3099
36,6231
36,6353
36,1914
36,3034
36,5111
36,4801
36,9582
36,9521
36,7500
36,4196
36,1023
36,7004
36,1174
36,9795
36,9248
36,5416
36,7964
36,7013
36,8548
36,4239
36,3252
36,1725
36,5638
36,1157
36,401
36,9308
36,4020
36,456
36,5077
36,7136
36,3672
36,8463
36,7912
36,7143
36,1070
36,7655
36,9163
36,5109
36,9337
36,161
36,1500
36,9578
36,1829
36,1811
36,5261
36,2807
36,8252
36,7646
36,7247
36,4718
36,5411
36,7365
36,3108
36,591
36,5934
36,810
36,514
36,4119
36,596
36,322
36,3710
36,7845
36,5645
36,176
36,1403
36,8329
36,7045
36,1059
36,327
36,5989
36,5346
37,1296
37,7293
37,4894
37,672
37,8068
37,6267
37,1464
37,5053
37,8261
37,7572
37,9590
37,4844
37,5112
37,9042
37,9613
37,6937
37,5573
37,6421
37,7002
37,4490
37,1176
37,6655
37,4249
37,1634
37,969
37,7507
37,5255
37,2023
37,5342
37,6973
37,3468
37,7881
37,1342
37,1830
37,9509
37,7741
37,5586
37,4010
37,9766
37,8821
37,2054
37,6225
37,9037
37,6
37,9720
37,5884
37,5336
37,285
37,5410
37,9026
37,3530
37,416
37,2963
37,1833
38,8855
38,9151
38,4957
38,5122
38,5956
38,4391
38,230
38,7666
38,7161
38,567
38,2361
38,8119
38,7071
38,3766
38,146
38,423
38,1925
38,865
38,3601
38,1052
38,2149
38,1127
38,1798
38,7827
38,8052
38,6601
38,5096
38,4772
38,3474
38,3918
38,4687
38,3250
38,9526
38,1912
38,3734
38,7262
38,454
38,6954
38,2610
38,1255
38,5322
38,4922
38,646
38,4631
38,9896
38,3611
38,251
38,5880
38,6127
38,4182
38,2597
38,1853
38,9360
38,9352
38,6241
38,3343
38,4363
38,438
38,9982
38,5428
38,116
38,1383
38,9784
38,7778
38,5557
38,2476
38,4642
38,2541
38,2653
38,8183
38,2543
38,5905
38,1567
38,5260
38,2213
38,4699
38,5691
38,5018
38,8400
38,1931
38,7621
38,9904
38,6928
38,9061
38,1658
38,7549
38,7612
38,5459
39,8962
39,4059
39,5425
39,3503
39,2726
39,1595
39,5888
39,2832
39,9380
39,8785
39,4658
39,3356
39,2147
39,3958
39,6980
39,2790
39,8302
39,2771
39,4093
39,5223
39,9689
39,6060
39,5190
39,4656
39,2310
39,7787
39,3715
39,8350
39,4533
39,8333
39,6691
39,8082
39,4782
39,6013
39,6097
39,4315
39,3200
39,4985
39,7785
39,333
39,6451
39,1031
39,1684
39,7485
39,410
39,9467
39,6005
39,341
39,1234
39,3180
39,3194
39,1209
39,845
39,7012
39,6846
40,3827
40,2232
40,1949
40,8678
40,109
40,9845
40,1047
40,6945
40,8740
40,4942
40,8509
40,8538
40,5528
40,127
40,9202
40,265
40,2228
40,9439
40,3745
40,1291
40,1548
40,2698
40,6495
40,9944
40,3193
40,710
40,574
40,7638
40,8458
40,3133
40,2291
40,2864
40,4825
40,948
40,7794
40,5337
40,7066
40,75
40,5437
40,1654
40,1803
40,7948
40,6236
40,1910
40,8685
40,7724
41,6084
41,3127
41,8225
41,3174
41,8902
41,7684
41,1622
41,1484
41,6739
41,5006
41,5712
41,6817
41,7337
41,6988
41,9079
41,5464
41,8889
41,8008
41,1917
41,3236
41,355
41,6552
41,8121
41,3506
41,9399
41,2969
42,2006
42,2233
42,4120
42,9464
42,9850
42,1740
42,8868
42,3562
42,8691
42,5492
42,2617
42,4836
42,503
42,8737
42,2116
42,6487
42,5206
42,4685
42,4496
42,8380
42,5881
42,2489
42,7715
42,4849
42,1148
42,5960
42,2953
42,141
42,3789
42,6337
42,3977
42,1353
42,1797
42,4964
42,5103
42,5897
42,6678
42,8896
42,7466
42,5770
42,6380
42,5193
42,4482
42,3775
42,6774
42,4013
42,600
42,5901
42,5085
42,4537
42,1160
42,7760
42,8749
42,9378
42,5951
42,2713
42,2164
42,2043
42,6418
42,2083
42,5241
42,6222
42,135
42,8831
42,4264
42,5622
42,7319
42,9290
42,2628
42,3747
42,286
42,6213
42,6032
42,9401
42,2882
42,4607
42,7131
42,4437
43,3666
43,5453
43,4014
43,552
43,6740
43,506
43,2104
43,5935
43,4612
43,1462
43,8428
43,4965
43,1585
43,1201
43,7236
43,9719
43,6279
43,1170
43,240
43,7727
43,7718
43,9218
43,7064
43,9856
43,7429
43,7717
43,7414
43,1035
43,7841
43,9541
43,9995
43,2314
43,8783
43,5736
43,1100
43,4443
43,4751
43,5427
43,9088
43,1968
43,4088
43,8957
43,3421
43,5107
43,5965
43,488
43,2157
43,6068
43,7168
43,2736
43,1093
43,1896
43,9916
43,4870
43,5110
43,2606
43,3665
43,2781
43,1315
43,6932
43,5640
43,5694
43,5639
43,5619
43,988
43,6997
43,1368
43,3813
43,2936
44,7636
44,8983
44,1287
44,3655
44,8834
44,6485
44,5985
44,5963
44,6967
44,9273
44,9083
44,2366
44,4218
44,4833
44,7035
44,5471
44,5490
44,4506
44,7830
44,5439
44,6662
44,5257
44,2114
44,7884
44,3233
44,6698
44,5731
44,2473
44,2425
45,5395
45,7532
45,5220
45,8989
45,4278
45,4252
45,2048
45,4626
45,2858
45,5124
45,6610
45,9949
45,8447
45,9609
45,5502
45,1431
45,3920
45,4436
45,1171
45,3782
45,8952
45,9156
45,6504
45,1254
45,7376
45,1864
45,8448
45,8616
45,8766
45,7630
45,7240
45,9760
45,9363
45,439
45,8996
45,6322
45,59
45,2250
45,5447
45,8142
45,4039
45,8336
45,2437
45,1506
45,9309
45,4324
45,2581
45,5798
45,1414
45,1832
45,8843
45,8720
45,4155
45,3243
45,6237
45,7615
45,5153
45,4367
45,3399
45,4988
45,8146
45,5101
45,6467
45,3554
45,472
45,6313
45,1449
45,6334
45,3989
45,9472
46,3521
46,430
46,1898
46,3362
46,9606
46,7097
46,6069
46,2326
46,8296
46,5562
46,9459
46,4131
46,5252
46,7215
46,886
46,4297
46,2839
46,9867
46,7970
46,8148
46,6377
46,1311
46,8453
46,6042
46,4081
46,8427
46,8558
46,8368
46,9225
46,7340
46,736
46,1119
46,6391
46,5871
46,6577
46,1412
46,6952
46,3761
46,393
46,6003
46,2364
46,7752
46,3772
46,1359
46,1706
46,7176
46,792
46,8705
46,1777
46,8703
46,8846
46,9186
46,3980
46,3588
46,9457
46,9574
46,2915
46,1387
46,4838
46,1418
46,7996
46,3145
46,8860
46,4979
46,3188
46,7637
46,1361
46,110
46,2236
46,3277
47,4593
47,3784
47,4953
47,8722
47,3414
47,8483
47,6442
47,6496
47,1320
47,7201
47,4067
47,1016
47,9189
47,5200
47,5079
47,4679
47,1096
47,6793
47,3877
47,5152
47,6743
47,2484
47,537
47,9518
47,2413
47,9477
47,5892
47,3064
47,8681
47,3622
47,6014
47,9432
47,8943
47,276
47,4732
47,9329
47,7517
47,5575
47,3729
47,4127
48,3298
48,3686
48,7944
48,9000
48,8047
48,5853
48,2975
48,1244
48,8206
48,8554
48,8674
48,2633
48,9020
48,5198
48,9552
48,5899
48,874
48,4175
48,3720
48,1003
48,7935
48,6182
48,4740
48,9103
48,8969
48,6263
48,9631
48,6745
48,5489
48,587
48,8804
48,2785
48,2395
48,74
48,6848
48,254
48,5538
48,7086
48,1980
48,6166
48,6719
48,670
48,6579
48,1325
48,9540
48,8288
48,1230
49,1729
49,8880
49,3029
49,8205
49,6484
49,7114
49,1680
49,6657
49,1267
49,6249
49,6099
49,6829
49,2408
49,2363
49,9277
49,7635
49,320
49,2099
49,2145
49,9773
49,1868
49,2005
49,2806
49,6162
49,1106
49,5646
49,8738
49,613
49,9434
49,1553
49,1076
49,5305
49,1754
49,301
49,4136
49,7619
49,2791
49,7331
49,3693
49,7949
49,6509
49,1078
49,424
49,4246
49,4392
49,9440
49,9241
49,1349
49,8779
49,8535
49,6424
49,2906
49,8944
49,9508
49,8526
49,5356
49,7562
49,237
49,9441
49,2536
49,464
49,2445
49,9299
50,9523
50,3378
50,5217
50,708
50,4597
50,5868
50,3434
50,6851
50,7600
50,4992
50,8330
50,2935
50,2080
50,859
50,3409
50,4990
50,9203
50,4742
50,6355
50,3384
50,8802
50,5274
50,9955
50,7221
50,7952
50,5706
50,2208
50,8512
50,8355
50,870
50,8491
50,8582
50,3600
50,7245
50,7997
50,5841
50,7326
50,8784
50,3259
50,715
51,2937
51,7113
51,405
51,4766
51,8397
51,8216
51,2928
51,7350
51,4033
51,5387
51,5248
51,5846
51,6192
51,8132
51,6806
51,4154
51,4221
51,674
51,7742
51,6843
51,4476
51,9734
51,6314
51,348
51,8624
51,9655
51,8859
51,3885
51,9065
51,2190
51,7745
51,6266
51,9409
51,5678
51,6901
51,5265
51,5828
51,7246
51,4554
51,6869
51,5725
51,5022
51,6396
51,6975
51,9393
51,7958
51,8429
51,4071
51,8755
51,2600
51,7009
51,4048
51,5180
51,7235
51,6730
51,9764
51,888
51,8114
51,2566
51,7592
51,3930
51,2403
51,1074
51,9224
51,6965
51,4318
51,4531
51,9209
51,5402
51,5032
51,6642
51,7175
51,539
51,7706
51,203
51,5202
51,6838
51,5610
52,9778
52,9478
52,3177
52,2200
52,4255
52,7370
52,2418
52,2161
52,2342
52,3967
52,5095
52,7966
52,2122
52,5230
52,3254
52,5802
52,4576
52,8256
52,6544
52,302
52,5002
52,2283
52,4478
52,3402
52,5734
52,4534
52,5030
52,5909
52,6392
52,7876
52,1250
52,6260
52,2453
52,8563
52,8363
52,5113
52,4502
52,2692
52,1983
53,6721
53,474
53,2886
53,5091
53,4342
53,6907
53,1390
53,4824
53,577
53,5848
53,2466
53,6299
53,6637
53,9878
53,7234
53,9996
53,6271
53,7605
53,6310
53,2978
53,4621
53,8188
53,9525
53,8154
53,6693
53,7285
53,1749
53,8202
53,8395
53,1855
53,7418
53,5072
53,5822
54,304
54,2015
54,9142
54,2351
54,5064
54,2943
54,7070
54,2623
54,8173
54,862
54,8814
54,4822
54,8672
54,8170
54,5214
54,1421
54,8847
54,7904
54,8884
54,3903
54,1046
54,9029
54,1129
54,3806
54,3628
54,9321
54,694
54,6090
54,8597
54,5808
54,9621
54,1316
54,1175
54,9980
54,4551
54,7030
54,6449
54,7191
54,2664
54,5264
54,3436
54,2638
54,1724
54,4682
54,7344
54,5358
54,9577
54,631
54,9475
54,3964
55,8409
55,2168
55,9927
55,827
55,7766
55,2241
55,7733
55,6061
55,7815
55,1132
55,3721
55,6790
55,419
55,1971
55,2973
55,8247
55,3050
55,5693
55,2065
55,6639
55,1692
55,2039
55,9011
55,205
55,1789
55,7478
55,9501
55,7271
55,2312
55,3873
55,3767
56,1478
56,4660
56,3642
56,4805
56,7287
56,791
56,8267
56,6501
56,5167
56,6670
56,2531
56,6284
56,1391
56,6612
56,7668
56,3864
56,2067
56,4106
56,570
56,6797
56,5886
56,9131
56,2339
56,910
56,3231
56,6040
56,9724
56,8494
56,7300
56,3731
56,1760
56,7929
56,6012
56,8557
56,8534
56,2432
56,8893
56,2951
56,2444
56,900
56,1818
56,6716
56,4121
56,1024
56,1497
56,9201
56,4301
56,2355
56,7027
56,1405
56,1723
56,8692
56,7754
56,2857
56,3820
56,7268
56,2041
56,7174
56,3513
56,9517
56,8565
56,9820
56,6627
56,5970
56,3009
56,9288
56,4807
56,5192
56,3923
56,4313
56,6374
56,6554
56,5745
56,7476
56,7428
56,1375
56,6046
56,4569
56,934
56,6018
56,1086
56,5331
56,5716
56,7866
56,3411
56,3080
56,9532
56,4171
56,5461
56,1006
56,4188
57,5267
57,2265
57,6425
57,3671
57,5438
57,1154
57,5291
57,5559
57,6659
57,368
57,76
57,7938
57,143
57,3315
57,6308
57,3621
57,2516
57,3811
57,8009
57,1954
57,8413
57,1899
57,1162
57,6169
57,6217
57,9670
57,5139
57,2925
57,7501
57,3700
57,625
57,2512
57,7049
57,666
57,7443
57,1646
57,6030
57,2503
57,1648
57,7357
58,5522
58,2126
58,7264
58,1187
58,2405
58,6384
58,2635
58,4362
58,4983
58,4413
58,6220
58,427
58,6570
58,2004
58,7788
58,8697
58,9968
58,2388
58,4288
58,3130
58,965
58,8602
58,4760
58,9479
58,2899
58,7278
58,2275
58,8314
58,9702
58,586
58,6530
58,1831
58,7007
58,7634
58,4570
58,1388
58,2537
58,781
58,4820
58,4519
58,7498
58,5788
58,7950
59,137
59,8002
59,5629
59,253
59,8023
59,8160
59,616
59,7560
59,4646
59,2744
59,9109
59,9048
59,3804
59,9155
59,3837
59,893
59,8910
59,1028
59,4200
59,8322
59,3033
59,3132
59,1150
59,4930
59,6830
59,562
59,7903
59,6985
59,5603
59,1905
59,6303
59,7651
59,5013
59,8621
59,6158
59,8873
59,1344
59,9166
59,8795
59,8499
59,3778
59,7145
59,7394
59,4542
59,724
59,3353
59,7578
59,6705
59,9298
59,2263
59,3366
59,3616
59,4783
59,8493
59,6808
59,9067
59,9697
59,6844
59,2290
59,2890
59,2073
59,7769
59,9699
59,8319
59,5602
59,7197
59,8034
59,4183
59,7156
59,4976
59,8316
59,3713
59,243
59,8505
59,5276
59,2646
59,2469
59,3330
59,5408
59,6034
59,2022
59,1454
59,7586
59,6667
60,1869
60,6125
60,7003
60,7604
60,1072
60,4950
60,9009
60,483
60,8176
60,4316
60,860
60,3388
60,380
60,4383
60,5247
60,2402
60,6259
60,5843
60,3751
60,8117
60,9322
60,7844
60,1172
60,3798
60,1092
60,9134
60,8641
60,1443
60,4493
60,1347
60,982
60,1788
60,7728
60,2699
60,2550
60,417
60,6962
60,3044
60,5400
60,7819
60,4450
60,3333
60,6434
60,8965
60,2173
60,9643
60,3467
60,540
60,7080
60,2505
60,1392
60,3900
60,8486
60,7405
60,8055
60,6149
60,4019
60,4886
60,1963
60,6656
60,6108
60,147
60,8566
60,5218
60,375
60,5947
60,6326
60,6717
60,1290
61,2558
61,7628
61,8723
61,681
61,8774
61,2507
61,4788
61,764
61,3390
61,3341
61,6015
61,3396
61,2279
61,6458
61,3866
61,8461
61,2124
61,6749
61,927
61,56
61,5966
61,9492
61,2768
61,2851
61,1372
61,7339
61,2350
61,4667
61,2458
61,3273
61,1302
61,362
61,9923
61,9565
61,5497
61,719
61,8660
61,6341
61,522
61,6212
61,8713
61,3116
61,937
61,1425
62,3876
62,9701
62,367
62,4186
62,9974
62,1099
62,6163
62,2691
62,1844
62,136
62,3234
62,3584
62,9885
62,4112
62,3124
62,7335
62,2106
62,5185
62,8818
62,7862
62,7858
62,8595
62,3540
62,5281
62,6106
63,2647
63,4309
63,6619
63,2942
63,9799
63,2141
63,7342
63,9266
63,5835
63,3795
63,6469
63,3915
63,2847
63,8449
63,3291
63,9618
63,9503
63,5474
63,7433
63,5251
63,2838
63,2735
63,391
63,4242
63,5329
63,4994
63,2995
63,3520
63,3498
63,4508
63,4486
63,3748
63,1030
63,6981
63,9972
63,9164
63,9082
63,2249
63,1878
63,7229
63,9667
63,1787
63,2428
63,9414
63,3253
63,2737
63,8934
63,2375
63,1577
63,8431
63,9931
63,1774
63,4296
63,9779
63,9616
63,7860
63,5097
63,335
63,8995
63,6494
63,7010
63,6307
63,8010
63,6208
63,4459
63,256
63,6984
63,1756
63,7495
63,8286
63,5998
64,484
64,2594
64,3746
64,2650
64,6398
64,1503
64,4260
64,4504
64,2483
64,5132
64,5445
64,7982
64,7550
64,7798
64,4311
64,2757
64,2117
64,6845
64,9656
64,8467
64,5158
64,2305
64,249
64,3493
64,3936
64,3412
64,6352
64,1537
64,4982
64,4580
64,5887
64,5791
64,8698
64,5148
64,3394
64,2214
64,6115
64,4684
64,8026
64,5869
64,5816
64,3831
64,2264
64,3615
64,3631
64,9354
64,9105
64,5532
64,8287
64,5553
64,2047
64,9005
64,9442
64,1468
64,1299
64,9739
64,9777
64,3443
64,2673
64,6683
64,2924
64,1541
64,536
64,3985
64,9175
64,6462
64,5890
64,6072
64,1986
64,8326
65,4758
65,356
65,5352
65,208
65,9425
65,6728
65,5505
65,595
65,9313
65,9671
65,8112
65,885
65,8611
65,5173
65,532
65,4881
65,9542
65,6489
65,7955
65,7765
65,876
65,3006
65,7180
65,3850
65,5906
65,4211
65,2414
65,6912
65,1918
66,501
66,1038
66,7514
66,512
66,2954
66,5925
66,3345
66,3432
66,248
66,8841
66,2441
66,6950
66,9597
66,7094
66,6736
66,7063
66,2327
66,4477
66,4484
66,5024
66,5733
66,926
66,7208
66,5292
66,4273
66,4215
66,6245
66,7412
66,6194
66,8695
66,6382
66,5875
66,4925
66,8714
66,9053
66,6362
66,5819
66,5767
66,7133
66,8402
66,9085
66,3970
66,111
66,8684
66,1221
66,3427
66,2868
66,4512
66,8405
66,8073
67,107
67,5385
67,3510
67,9328
67,4134
67,5718
67,6589
67,3232
67,634
67,7061
67,3649
67,5980
67,9006
67,1446
67,3241
67,262
67,8731
67,182
67,7451
67,701
67,1824
67,5946
67,2724
67,8292
67,7043
67,7629
67,9370
67,3312
67,1973
67,5627
67,7812
67,2916
67,9244
67,2811
67,8735
67,8625
67,822
67,8092
67,9767
67,3862
67,6586
67,7115
67,7065
67,7378
67,9942
67,2239
67,7919
68,7961
68,551
68,398
68,3743
68,2645
68,2725
68,9017
68,2198
68,8257
68,255
68,8325
68,3974
68,986
68,891
68,9138
68,5769
68,7387
68,635
68,9338
68,6447
68,2049
68,4023
68,4008
68,4471
68,8372
68,7624
68,5591
68,8958
68,6033
68,6594
68,9754
68,6791
68,179
68,7632
68,1062
68,649
68,6292
68,9914
68,9915
68,3455
68,2637
68,6859
68,2743
68,5485
68,9836
68,8791
68,5378
68,1411
68,3308
68,97
68,8797
69,3892
69,8863
69,9732
69,326
69,1528
69,9455
69,9250
69,7679
69,8497
69,9981
69,975
69,5509
69,1972
69,2583
69,7682
69,928
69,5896
69,6045
69,4803
69,3495
69,9422
69,3556
69,5803
69,217
69,3224
69,3335
69,2412
69,6174
69,8707
69,2615
69,3115
69,5165
69,9075
70,5723
70,5249
70,9956
70,7499
70,3681
70,746
70,4987
70,9071
70,4310
70,2163
70,8530
70,3884
70,645
70,3847
70,658
70,8231
70,6053
70,6939
70,4062
70,1502
70,101
70,3451
70,2490
70,664
70,9251
70,2238
70,9204
70,7730
70,7579
70,2854
70,1095
70,925
70,269
70,1197
70,8339
70,3937
70,222
70,782
71,1650
71,2789
71,970
71,9566
71,5834
71,8742
71,516
71,6802
71,8469
71,1660
71,805
71,8373
71,4276
71,978
71,814
71,1140
71,6366
71,7981
71,6050
71,2885
71,7613
71,186
71,6388
71,3760
71,2422
71,1909
71,3960
71,3340
71,3614
71,7445
71,6723
71,2595
71,5059
71,7214
71,1856
71,2166
71,1060
71,5007
71,6482
71,8149
71,7713
71,6770
71,7127
71,3204
71,7128
71,7364
71,9275
71,1854
71,7171
71,6926
71,997
71,397
71,219
71,9260
71,1241
71,3585
71,799
71,3365
71,1689
71,806
71,3950
71,785
71,2174
71,940
71,2607
71,8931
71,1906
71,4073
71,2804
71,9334
71,6555
71,7831
71,3955
71,6549
71,287
71,1009
71,3991
71,7716
71,2440
71,6517
71,7422
71,6870
71,2064
71,5430
71,5131
71,6994
71,504
71,1008
71,9953
71,9742
71,5436
71,8271
71,7440
71,9297
71,5071
72,4898
72,5390
72,4883
72,3352
72,7525
72,5783
72,6571
72,2678
72,8147
72,5962
72,2578
72,6354
72,9747
72,4864
72,9722
72,9650
72,7435
72,3854
72,9488
72,1203
72,7599
72,4231
72,4087
72,5323
72,4209
72,5360
72,3641
72,5923
72,4799
72,7855
72,6922
72,4946
72,9059
72,8118
72,9469
72,9511
72,6410
72,5224
72,1297
72,6265
72,930
72,8042
72,8307
72,2756
72,9051
72,2871
72,8437
72,2817
72,4040
72,3262
72,1507
72,2880
72,6974
72,812
72,825
72,2697
72,8210
72,7386
72,3566
72,2688
72,8096
72,3054
72,3744
72,6978
72,6500
72,3690
72,4789
72,8743
72,8289
72,4650
72,3726
72,5343
72,1335
72,7714
72,8226
72,720
72,8291
72,8588
72,7810
72,789
72,4238
72,2808
72,4210
72,3699
72,7151
72,598
72,7290
72,4873
72,2183
72,5792
72,7768
72,1410
73,9270
73,1142
73,9056
73,8180
73,5972
73,883
73,3627
73,3951
73,8898
73,5937
73,5093
73,9629
73,1608
73,3499
73,9195
73,8324
73,2759
73,4132
73,8280
73,4941
73,5701
73,6582
73,3717
73,5008
73,8507
73,4303
73,9903
73,1151
73,9730
73,1637
73,9169
73,6976
73,5859
73,612
73,3350
73,2612
73,5533
73,9825
73,7771
73,4142
73,8704
73,2219
73,1332
73,411
73,6235
73,9133
73,1978
73,6963
73,9052
73,8310
73,5948
73,704
73,3657
73,7497
73,6067
73,1494
73,4
73,5563
73,6537
73,9548
73,7034
73,7373
73,686
73,7755
73,2175
73,1245
73,7818
73,2584
73,5596
73,9960
73,5544
73,9877
73,6804
73,4064
73,4360
73,6538
73,8215
73,4845
73,1783
73,2381
73,9628
73,1385
73,4547
73,9515
73,92
73,2658
73,3741
73,9688
73,7155
73,8197
74,3024
74,8721
74,4966
74,1894
74,8553
74,6875
74,2142
74,9889
74,2225
74,3653
74,1984
74,247
74,452
74,2374
74,4963
74,3123
74,7826
74,5891
74,1867
74,6122
74,3606
74,6423
74,8657
74,9622
74,6137
74,5921
74,7341
74,8870
74,3435
74,2655
74,2150
75,7272
75,4474
75,3162
75,5748
75,2709
75,8113
75,4796
75,2900
75,3310
75,9327
75,7537
75,184
75,3136
75,9559
75,4790
75,3276
75,2035
75,4030
75,1769
75,654
75,3413
75,5554
75,5612
75,131
75,9840
75,442
75,5738
75,2798
75,5457
75,2776
75,1107
75,8719
75,9453
75,121
75,4517
75,2988
75,149
75,2074
75,2788
75,9200
75,6320
75,3325
75,6898
75,7088
75,3266
75,832
75,6445
75,6738
75,3965
75,9326
75,2703
75,5478
75,7205
75,3968
75,5715
75,4567
75,1958
75,5971
75,312
75,895
75,5118
75,4240
75,8575
75,5684
75,6913
75,7888
75,3718
75,6311
75,6853
75,9581
75,9387
75,8922
75,5161
75,332
75,754
75,7739
75,9181
75,2657
75,18
75,6964
75,9556
75,7425
75,435
75,8408
75,2156
75,8258
76,1061
76,4254
76,5371
76,524
76,2304
76,9419
76,9448
76,2274
76,7908
76,5789
76,4314
76,180
76,284
76,2448
76,321
76,5025
76,5666
76,7648
76,2313
76,2996
76,2112
76,9305
76,189
76,1450
76,5919
76,6229
76,9152
76,2044
76,679
76,992
76,3819
76,4876
76,4780
76,7318
76,2273
76,2178
76,3415
76,9595
76,2419
76,357
76,3485
76,7273
76,3529
76,6713
76,6091
76,2087
77,2097
77,9524
77,5994
77,7192
77,3569
77,1575
77,177
77,3364
77,6138
77,2000
77,5597
77,957
77,7687
77,7367
77,8655
77,6309
77,2031
77,4028
77,7946
77,2177
77,2368
77,7521
77,4671
77,7483
77,9644
77,3425
77,2852
77,3068
77,6052
77,8345
77,9913
77,8475
77,7770
77,8309
77,3453
77,3320
77,6287
77,3445
77,5409
77,6640
77,972
77,6677
77,25
77,7942
77,9531
77,9693
77,9941
77,6959
77,5340
77,1112
77,5393
77,8406
77,8842
77,8501
77,3477
78,2246
78,2640
78,7493
78,824
78,7057
78,9812
78,2884
78,4874
78,129
78,4972
78,5549
78,6968
78,6020
78,9182
78,9231
78,547
78,8340
78,3962
78,2622
78,5088
78,1366
78,6850
78,9428
78,7472
78,3518
78,9880
78,8204
78,6748
78,3917
78,9002
78,6890
78,9994
78,5867
78,9827
78,8757
78,6522
78,7089
78,4248
78,6031
78,6783
78,2905
78,2384
78,3925
78,5440
78,6892
78,5852
78,7417
78,4867
78,4734
78,7259
78,7990
78,9038
78,5414
78,366
78,409
78,3247
78,414
78,5316
78,847
78,5184
78,5717
78,4172
78,6004
78,3428
78,6885
79,7989
79,7708
79,1309
79,3491
79,7571
79,4123
79,5017
79,9569
79,9964
79,767
79,4636
79,3450
79,4448
79,2102
79,3668
79,9710
79,7468
79,7117
79,5929
79,705
79,7804
79,2293
79,4958
79,7345
79,2782
79,2077
79,3290
79,8221
79,5628
79,71
79,7994
79,2397
79,2160
79,4649
79,7553
79,2825
79,4015
79,6036
79,4499
79,9158
79,5315
79,3836
79,7396
79,2534
79,7401
79,4668
79,7570
79,5441
79,2191
79,2386
79,3005
79,9395
79,4308
79,4875
79,1337
79,1731
79,2668
79,6440
79,6893
79,8193
79,7883
79,4791
79,5052
79,3349
79,9537
79,9295
79,2716
79,2209
79,6904
79,2989
79,5820
79,86
79,6633
79,4914
79,1177
79,4201
79,163
79,2471
80,4294
80,7927
80,7737
80,8061
80,3363
80,156
80,4940
80,6394
80,9945
80,8039
80,3246
80,687
80,5964
80,8550
80,4113
80,3816
80,226
80,6184
80,5399
80,756
80,5015
80,8924
80,6195
80,6199
80,2529
80,5795
80,3417
80,3575
80,2078
80,8642
80,7640
80,313
80,4798
80,6546
80,1607
80,2842
80,5863
80,5164
80,1445
80,7895
80,1260
80,8244
80,2745
80,3852
80,6151
80,6256
80,2240
80,1218
80,5902
80,1207
80,624
80,9875
80,9211
80,9638
80,6361
80,5961
80,5446
80,2278
80,3047
80,9265
80,683
80,145
80,9212
80,6369
80,8973
80,569
80,7761
80,1573
80,3728
80,457
80,9374
80,7639
80,549
80,9072
80,4138
80,4516
80,3916
80,6224
80,6136
80,3762
80,3567
80,3400
80,9627
80,3331
80,9047
80,9911
80,7548
80,3948
80,124
80,8718
81,6426
81,3422
81,4700
81,1714
81,663
81,1294
81,1436
81,9800
81,1741
81,3017
81,877
81,2508
81,1345
81,3867
81,5054
81,5191
81,6646
81,3818
81,1702
81,1257
81,9743
81,9365
81,1813
81,8133
81,3911
81,1952
81,8086
81,8446
81,7383
81,13
81,9558
81,227
81,5379
81,2818
81,2528
81,8917
81,582
81,6977
81,305
81,1195
81,846
81,463
81,9663
81,2865
81,7252
81,594
81,1323
81,1246
81,4253
81,1280
81,9704
81,4174
81,5634
81,6483
81,6852
81,4948
81,3084
81,954
81,1441
81,4885
81,1377
81,8091
81,7750
81,3070
81,6672
81,811
81,9589
81,1998
81,7188
81,3523
81,4500
81,2867
81,8708
81,7732
81,9649
81,3100
81,9306
81,9519
81,3408
81,1995
81,4375
81,3125
81,3514
81,2879
81,3219
81,669
81,1695
81,4770
82,1989
82,1632
82,5272
82,7302
82,3042
82,7698
82,9315
82,680
82,5719
82,275
82,6822
82,6347
82,2025
82,8087
82,9714
82,1982
82,2877
82,2195
82,1071
82,1284
82,6775
82,7653
82,9888
82,3674
82,4756
82,5350
82,4229
82,4664
82,5837
82,7295
82,9695
82,2881
82,2436
82,1557
82,8032
82,7181
82,9091
82,5221
82,8421
82,9973
82,2231
82,3516
82,2450
82,8927
82,5493
82,476
82,3142
82,2682
82,6734
82,8639
82,4769
82,1327
82,6936
82,748
82,2284
82,9421
82,9924
82,1206
82,6982
82,9429
82,1152
82,3179
82,6114
82,9662
82,9948
82,3603
82,3959
82,4666
82,7569
82,4125
82,6048
82,7790
82,2480
82,7213
82,2499
82,742
82,238
82,4904
82,894
82,4889
82,8751
82,6872
82,5106
82,7502
82,4337
83,5672
83,2380
83,6767
83,9386
83,7991
83,4606
83,3032
83,7880
83,6562
83,716
83,9529
83,5626
83,9500
83,4225
83,1544
83,1474
83,1981
83,5222
83,9127
83,4811
83,1582
83,5724
83,4920
83,6336
83,696
83,2146
83,2687
83,8968
83,838
83,2133
83,1476
83,4934
83,8577
83,9107
83,1581
83,7420
83,7119
83,7879
83,1307
83,2778
83,7449
83,2680
83,4854
83,7817
83,3061
83,5840
83,6617
83,8051
83,1219
83,6515
83,3013
83,7791
83,2684
83,6908
83,8381
83,3240
83,3046
83,4936
83,8234
83,9073
83,7573
83,9740
83,8454
83,581
83,6689
83,6349
83,6732
83,8637
84,6419
84,5993
84,5506
84,3857
84,1549
84,5136
84,1820
84,1785
84,7067
84,4917
84,5912
84,7110
84,6712
84,8057
84,9284
84,2961
84,6145
84,4590
84,2754
84,5123
84,5874
84,7650
84,4338
84,2891
84,5452
84,7538
84,7509
84,7530
84,8702
84,3617
84,8679
84,9898
84,1969
84,2320
84,6540
84,4956
84,6371
84,3198
85,8279
85,2605
85,4535
85,2522
85,1364
85,9871
85,8294
85,1435
85,1456
85,7851
85,7158
85,7006
85,4463
85,5141
85,9603
85,3688
85,306
85,7999
85,4347
85,1784
85,9220
85,9023
85,7355
85,5671
85,4144
85,6921
85,671
85,1080
85,7937
85,1508
85,465
85,2085
85,7584
85,2585
85,1374
85,6017
85,4024
85,5677
85,3441
85,9041
85,3461
85,7053
85,7190
85,493
85,5211
85,8470
85,4320
85,605
85,5036
85,7237
85,1728
85,8342
85,5936
85,5862
85,221
85,6503
85,7983
85,5246
86,9781
86,638
86,5375
86,9463
86,4266
86,5824
86,755
86,641
86,5903
86,9194
86,8341
86,6986
86,2681
86,7786
86,432
86,3658
86,7453
86,1085
86,7140
86,1330
86,1398
86,446
86,9036
86,2965
86,9070
86,3905
86,8192
86,3010
86,9190
86,242
86,4173
86,7185
86,1012
86,3526
86,8537
86,300
86,3264
86,5670
86,6685
86,4021
86,1805
86,2053
86,6409
86,8576
86,9852
86,5976
86,8209
86,3392
86,7046
86,3154
86,2860
86,7073
86,6958
86,7289
86,1401
86,2045
86,4376
86,9012
86,3597
86,8185
86,5470
86,1101
86,8464
86,6000
86,7749
86,2037
86,2461
86,7312
86,7042
86,9971
86,7111
86,9415
86,1941
86,9136
86,7894
86,6035
86,157
86,9240
86,6507
86,4804
86,6722
86,2770
86,9717
86,8617
86,7404
86,1845
86,5449
86,5448
86,9976
86,1885
86,7557
86,1153
86,5170
86,6144
86,4802
86,5388
86,7169
86,8626
